"Marca temporal","Modalidad","Trabajo","Ciudad de trabajo (Ej.: Asunción)","Salario mensual","Puesto de trabajo (Ej.: Programador, Jefe de Proyecto, etc)"
"2018/09/08 9:10:12 a.m. GMT-4","Presencial","Nacional (Paraguay)","Asuncion","Entre 7.000.000 a 9.000.000 gs","Programador"
"2018/09/08 9:10:56 a.m. GMT-4","Presencial","Nacional (Paraguay)","Asunción","Entre 5.000.000 a 7.000.000 gs","Jefe desarrollador"
"2018/09/08 9:11:41 a.m. GMT-4","Presencial","Nacional (Paraguay)","Asunción","Entre 2.112.562 gs a 3.500.000 gs","Desarrollador web"
"2018/09/08 9:12:08 a.m. GMT-4","Remoto","Internacional","Asunción","Entre 9.000.000 a 12.000.000 gs","Desarrollador"
"2018/09/08 9:12:18 a.m. GMT-4","Presencial","Nacional (Paraguay)","Asuncion","Entre 3.500.000 a 5.000.000 gs","Programador"
"2018/09/08 9:12:22 a.m. GMT-4","Presencial","Nacional (Paraguay)","Asunción","Entre 7.000.000 a 9.000.000 gs","Programador"
"2018/09/08 9:12:44 a.m. GMT-4","Hibrído","Nacional (Paraguay)","Asunción","Más de 18.000.000 gs","Consultor y programador"
"2018/09/08 9:12:51 a.m. GMT-4","Presencial","Nacional (Paraguay)","Asunción","Entre 7.000.000 a 9.000.000 gs","Programador"
"2018/09/08 9:13:44 a.m. GMT-4","Presencial","Nacional (Paraguay)","Asunción ","Entre 2.112.562 gs a 3.500.000 gs","Analista Desarrollador"
"2018/09/08 9:15:28 a.m. GMT-4","Presencial","Nacional (Paraguay)","Asunción ","Entre 5.000.000 a 7.000.000 gs","Programador"
"2018/09/08 9:16:05 a.m. GMT-4","Presencial","Nacional (Paraguay)","Fernando de la Mora","Entre 3.500.000 a 5.000.000 gs","Programador"
"2018/09/08 9:16:28 a.m. GMT-4","Presencial","Nacional (Paraguay)","Asunción","Más de 18.000.000 gs","Programador + Jefe de Proyecto"
"2018/09/08 9:18:27 a.m. GMT-4","Presencial","Nacional (Paraguay)","Asuncion","Entre 7.000.000 a 9.000.000 gs","Programador"
"2018/09/08 9:19:02 a.m. GMT-4","Presencial","Nacional (Paraguay)","Asunción","Entre 9.000.000 a 12.000.000 gs","Programador"
"2018/09/08 9:19:06 a.m. GMT-4","Presencial","Nacional (Paraguay)","Asuncion","Entre 9.000.000 a 12.000.000 gs","Jefe de Proyecto"
"2018/09/08 9:19:16 a.m. GMT-4","Hibrído","Nacional (Paraguay)","Asunción","Entre 5.000.000 a 7.000.000 gs","Programador"
"2018/09/08 9:20:58 a.m. GMT-4","Presencial","Nacional (Paraguay)","Asunción","Entre 3.500.000 a 5.000.000 gs","Programador"
"2018/09/08 9:21:08 a.m. GMT-4","Presencial","Nacional (Paraguay)","ASUNCION","Entre 3.500.000 a 5.000.000 gs","PROGRAMADOR"
"2018/09/08 9:23:03 a.m. GMT-4","Presencial","Nacional (Paraguay)","Fernando de la mora ","Entre 9.000.000 a 12.000.000 gs","Jefe de desarrollo"
"2018/09/08 9:27:24 a.m. GMT-4","Presencial","Nacional (Paraguay)","Asuncion","Entre 12.000.000 a 15.000.000 gs","Jefe de proyecto"
"2018/09/08 9:29:16 a.m. GMT-4","Presencial","Nacional (Paraguay)","Fernando de la mora","Entre 7.000.000 a 9.000.000 gs","desarrollador"
"2018/09/08 9:33:59 a.m. GMT-4","Presencial","Nacional (Paraguay)","Asunción","Entre 5.000.000 a 7.000.000 gs","Programador"
"2018/09/08 9:36:55 a.m. GMT-4","Presencial","Nacional (Paraguay)","Asunción ","Entre 3.500.000 a 5.000.000 gs","Analista Desarrollador "
"2018/09/08 9:40:53 a.m. GMT-4","Presencial","Nacional (Paraguay)","Asuncion","Entre 12.000.000 a 15.000.000 gs","Analista/Programador"
"2018/09/08 9:41:21 a.m. GMT-4","Presencial","Nacional (Paraguay)","Ciudad del Este","Entre 2.112.562 gs a 3.500.000 gs","Programador Jr"
"2018/09/08 9:47:22 a.m. GMT-4","Presencial","Nacional (Paraguay)","Fernando de la Mora","Entre 5.000.000 a 7.000.000 gs","Arquitecto de software"
"2018/09/08 9:48:49 a.m. GMT-4","Presencial","Nacional (Paraguay)","Asunción","Entre 7.000.000 a 9.000.000 gs","Analista/Programador"
"2018/09/08 9:50:34 a.m. GMT-4","Presencial","Nacional (Paraguay)","Asunción","Entre 2.112.562 gs a 3.500.000 gs","Soporte de Middleware"
"2018/09/08 9:50:57 a.m. GMT-4","Presencial","Nacional (Paraguay)","Asunción","Entre 2.112.562 gs a 3.500.000 gs","Soporte de Middleware"
"2018/09/08 9:52:52 a.m. GMT-4","Presencial","Nacional (Paraguay)","Asunción","Entre 3.500.000 a 5.000.000 gs","Analista de sistema y programador"
"2018/09/08 9:53:21 a.m. GMT-4","Presencial","Nacional (Paraguay)","Asunción","Entre 7.000.000 a 9.000.000 gs","Programador"
"2018/09/08 9:56:46 a.m. GMT-4","Presencial","Nacional (Paraguay)","Asunción","Entre 9.000.000 a 12.000.000 gs","Programador senior"
"2018/09/08 10:00:04 a.m. GMT-4","Remoto","Nacional (Paraguay)","Asunción ","Entre 5.000.000 a 7.000.000 gs","Freelance"
"2018/09/08 10:01:33 a.m. GMT-4","Remoto","Internacional","San Lorenzo","Entre 15.000.000 a 18.000.000 gs","Programador Mobile"
"2018/09/08 10:02:35 a.m. GMT-4","Presencial","Nacional (Paraguay)","Asunción","Entre 7.000.000 a 9.000.000 gs","Encargado de desarrollo"
"2018/09/08 10:06:14 a.m. GMT-4","Presencial","Nacional (Paraguay)","Asunción ","Entre 7.000.000 a 9.000.000 gs","Desarrollo "
"2018/09/08 10:10:12 a.m. GMT-4","Presencial","Nacional (Paraguay)","Asuncion","Entre 2.112.562 gs a 3.500.000 gs","Desarrollo"
"2018/09/08 10:11:21 a.m. GMT-4","Presencial","Nacional (Paraguay)","Asuncion","Entre 3.500.000 a 5.000.000 gs","Programador"
"2018/09/08 10:15:24 a.m. GMT-4","Presencial","Nacional (Paraguay)","Asuncion","Entre 2.112.562 gs a 3.500.000 gs","Desarrollador Junior"
"2018/09/08 10:16:56 a.m. GMT-4","Presencial","Nacional (Paraguay)","Asuncion","Entre 3.500.000 a 5.000.000 gs","Desarrollador Medio"
"2018/09/08 10:17:57 a.m. GMT-4","Presencial","Nacional (Paraguay)","Asuncion","Entre 9.000.000 a 12.000.000 gs","Desarrollador Senior"
"2018/09/08 10:18:27 a.m. GMT-4","Presencial","Nacional (Paraguay)","Asunción ","Entre 2.112.562 gs a 3.500.000 gs","Front end Developer "
"2018/09/08 10:20:23 a.m. GMT-4","Presencial","Nacional (Paraguay)","Asuncion","Entre 12.000.000 a 15.000.000 gs","Arquitecto"
"2018/09/08 10:21:07 a.m. GMT-4","Hibrído","Nacional (Paraguay)","Asunción","Entre 2.112.562 gs a 3.500.000 gs","Desarrollador Junior"
"2018/09/08 10:22:20 a.m. GMT-4","Presencial","Nacional (Paraguay)","Asunción","Entre 3.500.000 a 5.000.000 gs","Programador"
"2018/09/08 10:24:52 a.m. GMT-4","Presencial","Nacional (Paraguay)","Asuncion","Entre 5.000.000 a 7.000.000 gs","Desarrollador"
"2018/09/08 10:28:41 a.m. GMT-4","Presencial","Nacional (Paraguay)","Asunción","Entre 5.000.000 a 7.000.000 gs","Desarrollador/Analista"
"2018/09/08 10:34:39 a.m. GMT-4","Presencial","Nacional (Paraguay)","Asunción","Entre 9.000.000 a 12.000.000 gs","Gerente de Tecnología"
"2018/09/08 10:36:55 a.m. GMT-4","Presencial","Nacional (Paraguay)","Asuncion","Entre 7.000.000 a 9.000.000 gs","Programador Senior"
"2018/09/08 10:39:12 a.m. GMT-4","Remoto","Nacional (Paraguay)","Fernando de la Mora","Entre 7.000.000 a 9.000.000 gs","Programador"
"2018/09/08 10:54:51 a.m. GMT-4","Presencial","Nacional (Paraguay)","Asunción","Entre 3.500.000 a 5.000.000 gs","Programador "
"2018/09/08 10:56:34 a.m. GMT-4","Presencial","Nacional (Paraguay)","Asunción","Entre 7.000.000 a 9.000.000 gs","Jefe de proyectos"
"2018/09/08 11:07:41 a.m. GMT-4","Presencial","Nacional (Paraguay)","Asunción","Entre 5.000.000 a 7.000.000 gs","Programador"
"2018/09/08 11:13:44 a.m. GMT-4","Presencial","Nacional (Paraguay)","Asuncion ","Entre 5.000.000 a 7.000.000 gs","Programador"
"2018/09/08 11:17:02 a.m. GMT-4","Presencial","Nacional (Paraguay)","Asunción","Entre 2.112.562 gs a 3.500.000 gs","Programador"
"2018/09/08 11:23:33 a.m. GMT-4","Presencial","Nacional (Paraguay)","Asunción ","Entre 9.000.000 a 12.000.000 gs","Analista de proyectos "
"2018/09/08 11:26:15 a.m. GMT-4","Presencial","Nacional (Paraguay)","Asuncion","Entre 5.000.000 a 7.000.000 gs","Programador"
"2018/09/08 11:35:37 a.m. GMT-4","Presencial","Nacional (Paraguay)","Asunción","Entre 9.000.000 a 12.000.000 gs","Jefe de Proyectos"
"2018/09/08 11:38:01 a.m. GMT-4","Presencial","Nacional (Paraguay)","Capiata","Entre 7.000.000 a 9.000.000 gs","Programador Analista"
"2018/09/08 12:17:48 p.m. GMT-4","Hibrído","Internacional","Asunción","Entre 9.000.000 a 12.000.000 gs","Desarrollador mobile"
"2018/09/08 12:20:15 p.m. GMT-4","Presencial","Nacional (Paraguay)","Asunción ","Entre 7.000.000 a 9.000.000 gs","Analista desarrolador"
"2018/09/08 12:32:19 p.m. GMT-4","Presencial","Nacional (Paraguay)","San Ignacio","Entre 2.112.562 gs a 3.500.000 gs","Programador, jeve, etc etc"
"2018/09/08 12:33:28 p.m. GMT-4","Presencial","Nacional (Paraguay)","Fernando de la Mora","Entre 7.000.000 a 9.000.000 gs","Programador"
"2018/09/08 12:34:02 p.m. GMT-4","Presencial","Nacional (Paraguay)","Asunción","Entre 7.000.000 a 9.000.000 gs","DevOps"
"2018/09/08 12:42:18 p.m. GMT-4","Remoto","Nacional (Paraguay)","Fernando de la Mora","Entre 7.000.000 a 9.000.000 gs","Programador"
"2018/09/08 12:47:46 p.m. GMT-4","Remoto","Internacional","San Lorenzo","Más de 18.000.000 gs","Fullstack developer"
"2018/09/08 12:47:50 p.m. GMT-4","Presencial","Nacional (Paraguay)","Asuncion","Entre 9.000.000 a 12.000.000 gs","Analista de sistemas web"
"2018/09/08 12:50:35 p.m. GMT-4","Presencial","Nacional (Paraguay)","Asunción","Salario mínimo 2.112.562 gs","Programador full stack"
"2018/09/08 12:52:11 p.m. GMT-4","Presencial","Nacional (Paraguay)","Asunción","Entre 5.000.000 a 7.000.000 gs","Analista/Programador"
"2018/09/08 1:09:59 p.m. GMT-4","Presencial","Nacional (Paraguay)","Asunción ","Entre 3.500.000 a 5.000.000 gs","Desarrollador"
"2018/09/08 1:14:33 p.m. GMT-4","Presencial","Nacional (Paraguay)","Asunción","Entre 5.000.000 a 7.000.000 gs","Programador"
"2018/09/08 1:16:56 p.m. GMT-4","Remoto","Nacional (Paraguay)","Asunción","Menos del salario mínimo (2.112.562 gs)","Aux de marketing"
"2018/09/08 1:18:39 p.m. GMT-4","Presencial","Nacional (Paraguay)","Asuncion","Entre 3.500.000 a 5.000.000 gs","Programador"
"2018/09/08 1:25:08 p.m. GMT-4","Presencial","Nacional (Paraguay)","Asunción ","Entre 3.500.000 a 5.000.000 gs","Programador "
"2018/09/08 1:30:01 p.m. GMT-4","Presencial","Nacional (Paraguay)","Fernando de la mora","Entre 5.000.000 a 7.000.000 gs","Programador "
"2018/09/08 1:31:39 p.m. GMT-4","Presencial","Nacional (Paraguay)","Asuncion","Entre 7.000.000 a 9.000.000 gs","Jefe de Desarrollo"
"2018/09/08 1:34:24 p.m. GMT-4","Presencial","Nacional (Paraguay)","Asuncion ","Entre 9.000.000 a 12.000.000 gs","Programador "
"2018/09/08 1:38:17 p.m. GMT-4","Presencial","Nacional (Paraguay)","Asuncion","Entre 3.500.000 a 5.000.000 gs","Desarrollo"
"2018/09/08 1:43:28 p.m. GMT-4","Presencial","Nacional (Paraguay)","Asuncion","Entre 7.000.000 a 9.000.000 gs","Programador"
"2018/09/08 2:01:30 p.m. GMT-4","Presencial","Nacional (Paraguay)","Asuncion","Entre 15.000.000 a 18.000.000 gs","Programador"
"2018/09/08 2:02:25 p.m. GMT-4","Presencial","Nacional (Paraguay)","San Lorenzo","Entre 7.000.000 a 9.000.000 gs","Programador"
"2018/09/08 2:04:37 p.m. GMT-4","Presencial","Nacional (Paraguay)","Asunción","Entre 2.112.562 gs a 3.500.000 gs","Programador"
"2018/09/08 2:05:18 p.m. GMT-4","Remoto","Internacional","Asuncion","Entre 5.000.000 a 7.000.000 gs","Jefe de Proyectos"
"2018/09/08 2:10:57 p.m. GMT-4","Presencial","Nacional (Paraguay)","Fernando de la Mora","Entre 9.000.000 a 12.000.000 gs","Analista de sistemas "
"2018/09/08 2:15:54 p.m. GMT-4","Presencial","Nacional (Paraguay)","Asuncion","Entre 7.000.000 a 9.000.000 gs","Desarrollador de software"
"2018/09/08 2:22:46 p.m. GMT-4","Presencial","Nacional (Paraguay)","Asuncion","Entre 5.000.000 a 7.000.000 gs","Programador"
"2018/09/08 2:24:04 p.m. GMT-4","Presencial","Nacional (Paraguay)","Asunción ","Entre 12.000.000 a 15.000.000 gs","Programador "
"2018/09/08 2:29:49 p.m. GMT-4","Remoto","Nacional (Paraguay)","San Antonio","Entre 9.000.000 a 12.000.000 gs","Programador Senior"
"2018/09/08 2:30:02 p.m. GMT-4","Presencial","Nacional (Paraguay)","Asunción","Entre 5.000.000 a 7.000.000 gs","Programador"
"2018/09/08 2:31:52 p.m. GMT-4","Presencial","Nacional (Paraguay)","Asunción ","Entre 5.000.000 a 7.000.000 gs","Programador"
"2018/09/08 2:32:55 p.m. GMT-4","Presencial","Nacional (Paraguay)","Asuncion","Entre 3.500.000 a 5.000.000 gs","Jefe"
"2018/09/08 2:39:00 p.m. GMT-4","Ninguna de las anteriores","Nacional (Paraguay)","Asuncion","Entre 5.000.000 a 7.000.000 gs","Programador"
"2018/09/08 2:51:52 p.m. GMT-4","Presencial","Nacional (Paraguay)","Asuncion","Entre 5.000.000 a 7.000.000 gs","Desarrollador Intermedio"
"2018/09/08 3:13:55 p.m. GMT-4","Presencial","Nacional (Paraguay)","Asuncion","Entre 3.500.000 a 5.000.000 gs","Analista Desarrollador"
"2018/09/08 3:23:49 p.m. GMT-4","Presencial","Nacional (Paraguay)","Asunción ","Entre 7.000.000 a 9.000.000 gs","Analista de Sistemas "
"2018/09/08 3:25:51 p.m. GMT-4","Presencial","Nacional (Paraguay)","Asuncion","Entre 3.500.000 a 5.000.000 gs","Programador "
"2018/09/08 3:30:04 p.m. GMT-4","Presencial","Nacional (Paraguay)","Asuncion","Entre 5.000.000 a 7.000.000 gs","Jefe de equipo"
"2018/09/08 3:36:04 p.m. GMT-4","Presencial","Nacional (Paraguay)","Asuncion","Entre 7.000.000 a 9.000.000 gs","Programador"
"2018/09/08 3:44:46 p.m. GMT-4","Presencial","Nacional (Paraguay)","San Lorenzo","Entre 2.112.562 gs a 3.500.000 gs","Programador"
"2018/09/08 4:03:17 p.m. GMT-4","Presencial","Nacional (Paraguay)","Asunción","Entre 3.500.000 a 5.000.000 gs","Programador"
"2018/09/08 4:20:39 p.m. GMT-4","Presencial","Nacional (Paraguay)","Asunción","Entre 2.112.562 gs a 3.500.000 gs","Programador"
"2018/09/08 4:35:46 p.m. GMT-4","Presencial","Nacional (Paraguay)","Asunción","Entre 3.500.000 a 5.000.000 gs","Consultor"
"2018/09/08 4:38:53 p.m. GMT-4","Presencial","Nacional (Paraguay)","Asunción ","Entre 7.000.000 a 9.000.000 gs","Programador"
"2018/09/08 5:06:47 p.m. GMT-4","Presencial","Nacional (Paraguay)","Asunción","Más de 18.000.000 gs","Jefe"
"2018/09/08 5:12:52 p.m. GMT-4","Presencial","Nacional (Paraguay)","Asunción","Entre 9.000.000 a 12.000.000 gs","Gerente de Tecnología"
"2018/09/08 5:27:05 p.m. GMT-4","Remoto","Nacional (Paraguay)","Asunción","Entre 2.112.562 gs a 3.500.000 gs","Programador web"
"2018/09/08 5:29:28 p.m. GMT-4","Presencial","Nacional (Paraguay)","Asunción ","Entre 7.000.000 a 9.000.000 gs","Programador web"
"2018/09/08 5:29:30 p.m. GMT-4","Presencial","Nacional (Paraguay)","asuncion","Entre 3.500.000 a 5.000.000 gs","Programador"
"2018/09/08 5:31:40 p.m. GMT-4","Presencial","Nacional (Paraguay)","Asunción ","Entre 7.000.000 a 9.000.000 gs","Jefe de Proyectos "
"2018/09/08 5:32:32 p.m. GMT-4","Presencial","Nacional (Paraguay)","ninguna respuesta","Entre 3.500.000 a 5.000.000 gs","Programador"
"2018/09/08 5:32:39 p.m. GMT-4","Remoto","Internacional","Asunción","Entre 5.000.000 a 7.000.000 gs","Programador"
"2018/09/08 5:36:09 p.m. GMT-4","Presencial","Nacional (Paraguay)","Asunción","Entre 3.500.000 a 5.000.000 gs","Programador"
"2018/09/08 5:39:42 p.m. GMT-4","Presencial","Nacional (Paraguay)","Asunción ","Entre 5.000.000 a 7.000.000 gs","Analsita Programador"
"2018/09/08 5:40:18 p.m. GMT-4","Hibrído","Nacional (Paraguay)","Asunción ","Entre 7.000.000 a 9.000.000 gs","Analista/Desarrollador"
"2018/09/08 5:46:40 p.m. GMT-4","Presencial","Nacional (Paraguay)","San Lorenzo","Entre 15.000.000 a 18.000.000 gs","Desarrollador senior "
"2018/09/08 5:46:54 p.m. GMT-4","Presencial","Nacional (Paraguay)","Asunción","Entre 5.000.000 a 7.000.000 gs","Programador"
"2018/09/08 6:17:54 p.m. GMT-4","Presencial","Nacional (Paraguay)","Asuncion","Entre 7.000.000 a 9.000.000 gs","Analista Desarrollador Genexus"
"2018/09/08 6:53:43 p.m. GMT-4","Hibrído","Nacional (Paraguay)","Asunción ","Entre 3.500.000 a 5.000.000 gs","Progranador"
"2018/09/08 7:01:42 p.m. GMT-4","Presencial","Nacional (Paraguay)","Asunción ","Entre 5.000.000 a 7.000.000 gs","Jefe de Desarrollo"
"2018/09/08 7:05:42 p.m. GMT-4","Presencial","Nacional (Paraguay)","Asunción ","Entre 5.000.000 a 7.000.000 gs","Jefe de Desarrollo"
"2018/09/08 7:06:51 p.m. GMT-4","Presencial","Nacional (Paraguay)","Asunción","Entre 12.000.000 a 15.000.000 gs","Desarrollo BI"
"2018/09/08 7:10:48 p.m. GMT-4","Presencial","Nacional (Paraguay)","Asunción","Entre 9.000.000 a 12.000.000 gs","Jefe de Proyectos"
"2018/09/08 7:17:55 p.m. GMT-4","Presencial","Nacional (Paraguay)","Asunción ","Entre 5.000.000 a 7.000.000 gs","Programador"
"2018/09/08 7:24:25 p.m. GMT-4","Presencial","Nacional (Paraguay)","Asunción ","Entre 7.000.000 a 9.000.000 gs","Jefe de proyectos "
"2018/09/08 7:59:10 p.m. GMT-4","Presencial","Nacional (Paraguay)","Asunción","Entre 5.000.000 a 7.000.000 gs","Analista programador"
"2018/09/08 8:10:58 p.m. GMT-4","Hibrído","Nacional (Paraguay)","Asunción ","Entre 7.000.000 a 9.000.000 gs","Desarrollador "
"2018/09/08 8:12:41 p.m. GMT-4","Presencial","Nacional (Paraguay)","Coronel Oviedo","Entre 2.112.562 gs a 3.500.000 gs","informático"
"2018/09/08 8:16:00 p.m. GMT-4","Presencial","Nacional (Paraguay)","Asunción","Entre 5.000.000 a 7.000.000 gs","Programador"
"2018/09/08 8:27:09 p.m. GMT-4","Hibrído","Nacional (Paraguay)","Central","Entre 15.000.000 a 18.000.000 gs","Programador"
"2018/09/08 8:39:35 p.m. GMT-4","Presencial","Nacional (Paraguay)","Asuncion ","Entre 9.000.000 a 12.000.000 gs","Programador "
"2018/09/08 9:14:51 p.m. GMT-4","Presencial","Nacional (Paraguay)","Asuncion","Entre 2.112.562 gs a 3.500.000 gs","Programador"
"2018/09/08 9:28:03 p.m. GMT-4","Presencial","Nacional (Paraguay)","Asunción","Entre 7.000.000 a 9.000.000 gs","Jefe de proyectos."
"2018/09/08 9:37:59 p.m. GMT-4","Presencial","Nacional (Paraguay)","Asunción","Entre 5.000.000 a 7.000.000 gs","Programador"
"2018/09/08 10:00:20 p.m. GMT-4","Presencial","Nacional (Paraguay)","Fernando de la Mora ","Entre 5.000.000 a 7.000.000 gs","Sysadmin"
"2018/09/08 10:04:44 p.m. GMT-4","Presencial","Nacional (Paraguay)","Fernando de la Mora","Salario mínimo 2.112.562 gs","Programador web"
"2018/09/08 10:15:52 p.m. GMT-4","Presencial","Nacional (Paraguay)","Asunción","Entre 5.000.000 a 7.000.000 gs","Programador"
"2018/09/08 10:18:17 p.m. GMT-4","Presencial","Nacional (Paraguay)","Asunción","Entre 3.500.000 a 5.000.000 gs","Programador"
"2018/09/08 10:23:07 p.m. GMT-4","Presencial","Nacional (Paraguay)","Asunción","Entre 7.000.000 a 9.000.000 gs","Programador"
"2018/09/08 10:32:35 p.m. GMT-4","Presencial","Nacional (Paraguay)","Fernando","Entre 3.500.000 a 5.000.000 gs","Supervisor"
"2018/09/08 11:29:28 p.m. GMT-4","Hibrído","Nacional (Paraguay)","Asuncion","Entre 7.000.000 a 9.000.000 gs","Programador"
"2018/09/09 12:13:54 a.m. GMT-4","Presencial","Nacional (Paraguay)","Asunción","Entre 3.500.000 a 5.000.000 gs","Programador"
"2018/09/09 12:26:07 a.m. GMT-4","Presencial","Nacional (Paraguay)","Asuncion ","Entre 3.500.000 a 5.000.000 gs","Programador"
"2018/09/09 1:22:43 a.m. GMT-4","Presencial","Nacional (Paraguay)","Asunción ","Entre 7.000.000 a 9.000.000 gs","Desarrollador mobile"
"2018/09/09 2:32:23 a.m. GMT-4","Presencial","Nacional (Paraguay)","Asunción ","Entre 3.500.000 a 5.000.000 gs","Programador"
"2018/09/09 4:58:55 a.m. GMT-4","Presencial","Nacional (Paraguay)","Asunción","Entre 2.112.562 gs a 3.500.000 gs","Programador Junior"
"2018/09/09 6:05:30 a.m. GMT-4","Presencial","Nacional (Paraguay)","Asuncion","Entre 9.000.000 a 12.000.000 gs","Jefe de proyecto"
"2018/09/09 7:37:51 a.m. GMT-4","Presencial","Nacional (Paraguay)","Asuncion","Entre 2.112.562 gs a 3.500.000 gs","Programador y Analista"
"2018/09/09 8:01:57 a.m. GMT-4","Presencial","Nacional (Paraguay)","Asunción","Entre 2.112.562 gs a 3.500.000 gs","Programador"
"2018/09/09 8:50:16 a.m. GMT-4","Remoto","Nacional (Paraguay)","Limpio ","Entre 2.112.562 gs a 3.500.000 gs","Programador"
"2018/09/09 9:02:05 a.m. GMT-4","Presencial","Nacional (Paraguay)","Asuncion","Entre 12.000.000 a 15.000.000 gs","Jefe de Proyecto"
"2018/09/09 9:14:30 a.m. GMT-4","Remoto","Nacional (Paraguay)","Asunción","Entre 2.112.562 gs a 3.500.000 gs","Programador"
"2018/09/09 10:37:19 a.m. GMT-4","Presencial","Nacional (Paraguay)","Asunción","Entre 9.000.000 a 12.000.000 gs","Programador"
"2018/09/09 11:11:05 a.m. GMT-4","Presencial","Nacional (Paraguay)","Asunción","Entre 2.112.562 gs a 3.500.000 gs","Web Developer & Research"
"2018/09/09 11:29:22 a.m. GMT-4","Presencial","Nacional (Paraguay)","Asunción","Entre 7.000.000 a 9.000.000 gs","Programador"
"2018/09/09 12:04:20 p.m. GMT-4","Presencial","Nacional (Paraguay)","Asuncion","Entre 3.500.000 a 5.000.000 gs","Programador"
"2018/09/09 12:37:35 p.m. GMT-4","Presencial","Nacional (Paraguay)","Asuncion","Entre 3.500.000 a 5.000.000 gs","Programador"
"2018/09/09 12:42:05 p.m. GMT-4","Presencial","Nacional (Paraguay)","Asunción","Entre 7.000.000 a 9.000.000 gs","Jefe de Proyecto"
"2018/09/09 12:42:51 p.m. GMT-4","Presencial","Nacional (Paraguay)","Asuncion","Entre 7.000.000 a 9.000.000 gs","Analista funcional"
"2018/09/09 3:13:26 p.m. GMT-4","Presencial","Nacional (Paraguay)","Asunción ","Más de 18.000.000 gs","Jefe de desarrollo "
"2018/09/09 3:23:32 p.m. GMT-4","Presencial","Nacional (Paraguay)","Asunción","Entre 3.500.000 a 5.000.000 gs","Analista Desarrollador"
"2018/09/09 4:25:28 p.m. GMT-4","Presencial","Nacional (Paraguay)","Asuncion","Entre 2.112.562 gs a 3.500.000 gs","Desarrollador"
"2018/09/09 4:28:28 p.m. GMT-4","Presencial","Nacional (Paraguay)","Asunción","Entre 5.000.000 a 7.000.000 gs","Jefe de Proyecto"
"2018/09/09 4:45:32 p.m. GMT-4","Presencial","Nacional (Paraguay)","Asunción","Entre 3.500.000 a 5.000.000 gs","Análisis Base de Datos"
"2018/09/09 4:51:22 p.m. GMT-4","Remoto","Internacional","Lambaré","Entre 5.000.000 a 7.000.000 gs","Programador"
"2018/09/09 4:52:40 p.m. GMT-4","Presencial","Nacional (Paraguay)","Asuncion","Entre 7.000.000 a 9.000.000 gs","Desarrollador"
"2018/09/09 4:53:18 p.m. GMT-4","Presencial","Nacional (Paraguay)","Asunción","Entre 7.000.000 a 9.000.000 gs","Programador"
"2018/09/09 5:01:45 p.m. GMT-4","Presencial","Nacional (Paraguay)","Asunción","Entre 5.000.000 a 7.000.000 gs","Programador"
"2018/09/09 5:04:35 p.m. GMT-4","Remoto","Internacional","Canada","Entre 9.000.000 a 12.000.000 gs","Programador"
"2018/09/09 5:13:03 p.m. GMT-4","Presencial","Nacional (Paraguay)","Encarnacion","Entre 2.112.562 gs a 3.500.000 gs","Programador"
"2018/09/09 5:14:21 p.m. GMT-4","Hibrído","Internacional","Asunción","Entre 15.000.000 a 18.000.000 gs","Jefe de Proyecto"
"2018/09/09 5:44:40 p.m. GMT-4","Remoto","Internacional","San Lorenzo","Entre 15.000.000 a 18.000.000 gs","Fullstack Developer"
"2018/09/09 5:51:20 p.m. GMT-4","Presencial","Nacional (Paraguay)","Lambaré","Entre 5.000.000 a 7.000.000 gs","Desarrollador"
"2018/09/09 5:57:45 p.m. GMT-4","Presencial","Nacional (Paraguay)","San Lorenzo","Salario mínimo 2.112.562 gs","Jefe"
"2018/09/09 6:12:16 p.m. GMT-4","Hibrído","Nacional (Paraguay)","asuncion","Entre 9.000.000 a 12.000.000 gs","consultor"
"2018/09/09 6:30:57 p.m. GMT-4","Presencial","Nacional (Paraguay)","Asunción ","Entre 7.000.000 a 9.000.000 gs","Gerente de Proyectos"
"2018/09/09 6:34:38 p.m. GMT-4","Presencial","Nacional (Paraguay)","Asuncion","Entre 7.000.000 a 9.000.000 gs","Jefe de Proyecto"
"2018/09/09 8:44:58 p.m. GMT-4","Presencial","Nacional (Paraguay)","Asuncion","Entre 3.500.000 a 5.000.000 gs","Programador"
"2018/09/09 9:00:54 p.m. GMT-4","Presencial","Nacional (Paraguay)","Asunción","Entre 3.500.000 a 5.000.000 gs","Programador junior"
"2018/09/10 4:32:12 a.m. GMT-4","Presencial","Nacional (Paraguay)","Asunción","Entre 9.000.000 a 12.000.000 gs","Jefe de Proyectos"
"2018/09/10 5:50:41 a.m. GMT-4","Presencial","Nacional (Paraguay)","Asunción ","Entre 7.000.000 a 9.000.000 gs","Programador"
"2018/09/10 7:09:22 a.m. GMT-4","Presencial","Nacional (Paraguay)","Asunción","Entre 5.000.000 a 7.000.000 gs","Programador"
"2018/09/10 8:33:38 a.m. GMT-4","Presencial","Nacional (Paraguay)","Asunción","Entre 3.500.000 a 5.000.000 gs","Programador"
"2018/09/10 8:43:40 a.m. GMT-4","Presencial","Nacional (Paraguay)","Asunción","Entre 2.112.562 gs a 3.500.000 gs","Asesor"
"2018/09/10 8:46:52 a.m. GMT-4","Presencial","Nacional (Paraguay)","Asunción","Entre 3.500.000 a 5.000.000 gs","Líder desarrollador "
"2018/09/10 9:01:28 a.m. GMT-4","Presencial","Internacional","Asunción ","Entre 5.000.000 a 7.000.000 gs","Programador "
"2018/09/10 9:05:52 a.m. GMT-4","Presencial","Nacional (Paraguay)","Asunción","Entre 5.000.000 a 7.000.000 gs","Programador"
"2018/09/10 9:11:44 a.m. GMT-4","Presencial","Nacional (Paraguay)","Asuncion","Entre 5.000.000 a 7.000.000 gs","Programador"
"2018/09/10 9:15:16 a.m. GMT-4","Hibrído","Nacional (Paraguay)","Asunción","Entre 9.000.000 a 12.000.000 gs","Jefe de proyecto"
"2018/09/10 9:15:42 a.m. GMT-4","Presencial","Nacional (Paraguay)","Fernando de la Mora","Entre 3.500.000 a 5.000.000 gs","Programador"
"2018/09/10 9:21:03 a.m. GMT-4","Presencial","Internacional","Asunción","Entre 7.000.000 a 9.000.000 gs","Jefe de proyecto"
"2018/09/10 9:28:29 a.m. GMT-4","Presencial","Nacional (Paraguay)","Asunción","Menos del salario mínimo (2.112.562 gs)","Tesista, investigador"
"2018/09/10 9:54:04 a.m. GMT-4","Presencial","Nacional (Paraguay)","Asunción","Entre 5.000.000 a 7.000.000 gs","Analista de Desarrollo BI"
"2018/09/10 10:03:27 a.m. GMT-4","Presencial","Nacional (Paraguay)","Asunción","Entre 5.000.000 a 7.000.000 gs","Programador"
"2018/09/10 10:06:34 a.m. GMT-4","Remoto","Nacional (Paraguay)","As","Entre 7.000.000 a 9.000.000 gs","Programador"
"2018/09/10 11:16:43 a.m. GMT-4","Presencial","Nacional (Paraguay)","Asunción ","Entre 3.500.000 a 5.000.000 gs","Analista Desarrollador "
"2018/09/10 11:17:15 a.m. GMT-4","Presencial","Nacional (Paraguay)","Asunción","Entre 9.000.000 a 12.000.000 gs","Analista/Programador Senior"
"2018/09/10 11:17:57 a.m. GMT-4","Presencial","Nacional (Paraguay)","Asuncion","Entre 5.000.000 a 7.000.000 gs","Full stack developer"
"2018/09/10 11:18:33 a.m. GMT-4","Presencial","Nacional (Paraguay)","Asunción","Entre 15.000.000 a 18.000.000 gs","CEO"
"2018/09/10 11:19:12 a.m. GMT-4","Remoto","Internacional","Las Vegas","Entre 15.000.000 a 18.000.000 gs","Senior developer"
"2018/09/10 11:19:23 a.m. GMT-4","Presencial","Nacional (Paraguay)","Caaguazu","Entre 5.000.000 a 7.000.000 gs","Programador"
"2018/09/10 11:19:25 a.m. GMT-4","Presencial","Nacional (Paraguay)","Asunción","Entre 2.112.562 gs a 3.500.000 gs","Programador"
"2018/09/10 11:20:32 a.m. GMT-4","Presencial","Nacional (Paraguay)","San Juan Bautista - Misiones","Entre 2.112.562 gs a 3.500.000 gs","Programador, Infraestructura"
"2018/09/10 11:20:38 a.m. GMT-4","Presencial","Nacional (Paraguay)","Asunción","Entre 2.112.562 gs a 3.500.000 gs","programador/analista"
"2018/09/10 11:21:00 a.m. GMT-4","Presencial","Nacional (Paraguay)","Asunción","Entre 2.112.562 gs a 3.500.000 gs","Programador"
"2018/09/10 11:21:18 a.m. GMT-4","Presencial","Nacional (Paraguay)","Limpio","Entre 5.000.000 a 7.000.000 gs","Programador"
"2018/09/10 11:21:57 a.m. GMT-4","Presencial","Nacional (Paraguay)","Asuncion","Entre 9.000.000 a 12.000.000 gs","Programador"
"2018/09/10 11:22:52 a.m. GMT-4","Presencial","Nacional (Paraguay)","asuncion","Entre 3.500.000 a 5.000.000 gs","Dev"
"2018/09/10 11:23:02 a.m. GMT-4","Presencial","Nacional (Paraguay)","Asunción","Entre 5.000.000 a 7.000.000 gs","Director desarrollo de sistemas informáticos."
"2018/09/10 11:23:05 a.m. GMT-4","Presencial","Nacional (Paraguay)","Asuncion","Entre 5.000.000 a 7.000.000 gs","Infraestructura"
"2018/09/10 11:23:15 a.m. GMT-4","Presencial","Nacional (Paraguay)","Asuncion","Entre 3.500.000 a 5.000.000 gs","Programador"
"2018/09/10 11:23:39 a.m. GMT-4","Presencial","Nacional (Paraguay)","Asunción","Entre 12.000.000 a 15.000.000 gs","Jefe de Proyectos"
"2018/09/10 11:24:15 a.m. GMT-4","Presencial","Nacional (Paraguay)","Asunción","Entre 5.000.000 a 7.000.000 gs","Programador"
"2018/09/10 11:24:40 a.m. GMT-4","Presencial","Nacional (Paraguay)","Asunción","Entre 2.112.562 gs a 3.500.000 gs","Analista "
"2018/09/10 11:24:44 a.m. GMT-4","Presencial","Nacional (Paraguay)","Asunción","Entre 7.000.000 a 9.000.000 gs","Programador"
"2018/09/10 11:24:48 a.m. GMT-4","Presencial","Nacional (Paraguay)","Luque","Entre 9.000.000 a 12.000.000 gs","Analista de Sistemas"
"2018/09/10 11:25:46 a.m. GMT-4","Presencial","Nacional (Paraguay)","Asunción","Entre 5.000.000 a 7.000.000 gs","Jefe de Proyecto"
"2018/09/10 11:26:02 a.m. GMT-4","Presencial","Nacional (Paraguay)","Asunción","Entre 7.000.000 a 9.000.000 gs","Developer"
"2018/09/10 11:26:05 a.m. GMT-4","Presencial","Nacional (Paraguay)","Asunción","Entre 2.112.562 gs a 3.500.000 gs","Analista, Programador"
"2018/09/10 11:26:09 a.m. GMT-4","Presencial","Nacional (Paraguay)","asuncion","Entre 2.112.562 gs a 3.500.000 gs","programador analista"
"2018/09/10 11:26:10 a.m. GMT-4","Presencial","Nacional (Paraguay)","Asuncion","Entre 3.500.000 a 5.000.000 gs","Programador"
"2018/09/10 11:26:37 a.m. GMT-4","Presencial","Nacional (Paraguay)","Asunción","Entre 5.000.000 a 7.000.000 gs","Analista desarrollador"
"2018/09/10 11:28:14 a.m. GMT-4","Presencial","Nacional (Paraguay)","Asunción","Entre 5.000.000 a 7.000.000 gs","Programador"
"2018/09/10 11:28:16 a.m. GMT-4","Presencial","Nacional (Paraguay)","Asunción","Entre 2.112.562 gs a 3.500.000 gs","Programador"
"2018/09/10 11:28:19 a.m. GMT-4","Presencial","Nacional (Paraguay)","ñemby","Entre 9.000.000 a 12.000.000 gs","Programador"
"2018/09/10 11:28:22 a.m. GMT-4","Presencial","Internacional","Asunción","Entre 7.000.000 a 9.000.000 gs","Líder de Equipo de Desarrollo"
"2018/09/10 11:30:43 a.m. GMT-4","Presencial","Nacional (Paraguay)","Asunción","Entre 7.000.000 a 9.000.000 gs","Programador"
"2018/09/10 11:31:16 a.m. GMT-4","Presencial","Nacional (Paraguay)","Asunción","Entre 7.000.000 a 9.000.000 gs","Analista, Programador, Coordinador"
"2018/09/10 11:31:31 a.m. GMT-4","Presencial","Nacional (Paraguay)","Asunción","Entre 5.000.000 a 7.000.000 gs","Programador"
"2018/09/10 11:31:48 a.m. GMT-4","Presencial","Nacional (Paraguay)","asuncion","Entre 5.000.000 a 7.000.000 gs","Jefe"
"2018/09/10 11:31:53 a.m. GMT-4","Presencial","Nacional (Paraguay)","Asunción","Entre 5.000.000 a 7.000.000 gs","Programador"
"2018/09/10 11:33:28 a.m. GMT-4","Presencial","Nacional (Paraguay)","Asunción","Entre 3.500.000 a 5.000.000 gs","Programador"
"2018/09/10 11:33:36 a.m. GMT-4","Presencial","Nacional (Paraguay)","Asuncion","Entre 5.000.000 a 7.000.000 gs","Desarrollador"
"2018/09/10 11:34:05 a.m. GMT-4","Presencial","Nacional (Paraguay)","Luque","Entre 9.000.000 a 12.000.000 gs","Analista de Sistemas"
"2018/09/10 11:34:13 a.m. GMT-4","Presencial","Nacional (Paraguay)","Asunción","Entre 9.000.000 a 12.000.000 gs","Gerente de Tecnología"
"2018/09/10 11:35:24 a.m. GMT-4","Presencial","Nacional (Paraguay)","Asunción","Entre 3.500.000 a 5.000.000 gs","Programador"
"2018/09/10 11:35:31 a.m. GMT-4","Presencial","Nacional (Paraguay)","Asunción","Entre 3.500.000 a 5.000.000 gs","Programador"
"2018/09/10 11:35:53 a.m. GMT-4","Remoto","Nacional (Paraguay)","Fernando de la Mora","Entre 2.112.562 gs a 3.500.000 gs","Programador"
"2018/09/10 11:36:24 a.m. GMT-4","Presencial","Nacional (Paraguay)","asu","Entre 3.500.000 a 5.000.000 gs","programador"
"2018/09/10 11:37:25 a.m. GMT-4","Presencial","Nacional (Paraguay)","Asunción","Entre 2.112.562 gs a 3.500.000 gs","Programador"
"2018/09/10 11:38:01 a.m. GMT-4","Presencial","Internacional","Asunción","Entre 3.500.000 a 5.000.000 gs","programador"
"2018/09/10 11:38:20 a.m. GMT-4","Presencial","Nacional (Paraguay)","Asunción","Entre 2.112.562 gs a 3.500.000 gs","Desarrollador"
"2018/09/10 11:39:26 a.m. GMT-4","Presencial","Nacional (Paraguay)","Asunción","Entre 5.000.000 a 7.000.000 gs","Programador"
"2018/09/10 11:42:42 a.m. GMT-4","Presencial","Nacional (Paraguay)","Hernandarias","Entre 3.500.000 a 5.000.000 gs","Desarrollador fullstack"
"2018/09/10 11:43:00 a.m. GMT-4","Presencial","Internacional","Asunción","Entre 7.000.000 a 9.000.000 gs","Desarrollador de Software"
"2018/09/10 11:43:40 a.m. GMT-4","Presencial","Nacional (Paraguay)","Asuncion","Entre 3.500.000 a 5.000.000 gs","Programador"
"2018/09/10 11:45:41 a.m. GMT-4","Presencial","Nacional (Paraguay)","Asuncion","Entre 7.000.000 a 9.000.000 gs","Analista Programador "
"2018/09/10 11:48:29 a.m. GMT-4","Presencial","Nacional (Paraguay)","Asunción","Entre 3.500.000 a 5.000.000 gs","Programador"
"2018/09/10 11:48:56 a.m. GMT-4","Presencial","Nacional (Paraguay)","San Lorenzo","Entre 5.000.000 a 7.000.000 gs","Jefe"
"2018/09/10 11:50:17 a.m. GMT-4","Presencial","Nacional (Paraguay)","Obligado - Itapua","Entre 3.500.000 a 5.000.000 gs","Programador"
"2018/09/10 11:51:32 a.m. GMT-4","Presencial","Nacional (Paraguay)","Asuncion","Entre 2.112.562 gs a 3.500.000 gs","Programador"
"2018/09/10 11:55:52 a.m. GMT-4","Hibrído","Nacional (Paraguay)","Asunción ","Entre 12.000.000 a 15.000.000 gs","Consultor externo "
"2018/09/10 11:56:34 a.m. GMT-4","Presencial","Nacional (Paraguay)","Asunción ","Entre 12.000.000 a 15.000.000 gs","Coordinador de área "
"2018/09/10 11:58:04 a.m. GMT-4","Presencial","Nacional (Paraguay)","Asunción","Entre 3.500.000 a 5.000.000 gs","Programador y analista"
"2018/09/10 11:58:14 a.m. GMT-4","Presencial","Nacional (Paraguay)","Asunción ","Entre 5.000.000 a 7.000.000 gs","Jefe de proyecto "
"2018/09/10 11:58:32 a.m. GMT-4","Presencial","Internacional","Asunción","Entre 3.500.000 a 5.000.000 gs","Developer junior"
"2018/09/10 12:05:57 p.m. GMT-4","Presencial","Nacional (Paraguay)","Asunción ","Entre 5.000.000 a 7.000.000 gs","Programador "
"2018/09/10 12:08:11 p.m. GMT-4","Presencial","Nacional (Paraguay)","Ciudad del Este","Entre 7.000.000 a 9.000.000 gs","Jefe de proyecto"
"2018/09/10 12:09:16 p.m. GMT-4","Presencial","Nacional (Paraguay)","Asunción","Entre 7.000.000 a 9.000.000 gs","Analista, Programador"
"2018/09/10 12:14:02 p.m. GMT-4","Hibrído","Nacional (Paraguay)","Asuncion","Entre 7.000.000 a 9.000.000 gs","Jefe de Proyecto"
"2018/09/10 12:15:30 p.m. GMT-4","Presencial","Nacional (Paraguay)","Asunción ","Entre 2.112.562 gs a 3.500.000 gs","Programador"
"2018/09/10 12:15:34 p.m. GMT-4","Presencial","Nacional (Paraguay)","Asunción","Entre 3.500.000 a 5.000.000 gs","Consultor"
"2018/09/10 12:22:38 p.m. GMT-4","Remoto","Nacional (Paraguay)","Cde","Entre 3.500.000 a 5.000.000 gs","Programador"
"2018/09/10 12:23:44 p.m. GMT-4","Presencial","Nacional (Paraguay)","Asuncion","Entre 5.000.000 a 7.000.000 gs","Desarrollador"
"2018/09/10 12:25:54 p.m. GMT-4","Presencial","Nacional (Paraguay)","Ciudad del este","Entre 2.112.562 gs a 3.500.000 gs","Analista"
"2018/09/10 12:27:06 p.m. GMT-4","Presencial","Nacional (Paraguay)","Asuncion","Entre 5.000.000 a 7.000.000 gs","Programador"
"2018/09/10 12:28:41 p.m. GMT-4","Presencial","Nacional (Paraguay)","Asuncion","Entre 3.500.000 a 5.000.000 gs","Analista/desarrollador"
"2018/09/10 12:34:29 p.m. GMT-4","Presencial","Nacional (Paraguay)","Asunción","Entre 5.000.000 a 7.000.000 gs","Desarrollador"
"2018/09/10 12:35:44 p.m. GMT-4","Presencial","Nacional (Paraguay)","Asunción","Entre 7.000.000 a 9.000.000 gs","programador"
"2018/09/10 12:36:15 p.m. GMT-4","Presencial","Nacional (Paraguay)","CDE","Entre 3.500.000 a 5.000.000 gs","Programador"
"2018/09/10 12:37:47 p.m. GMT-4","Remoto","Internacional","Asuncion","Entre 3.500.000 a 5.000.000 gs","Software engineer"
"2018/09/10 12:42:04 p.m. GMT-4","Presencial","Nacional (Paraguay)","Asuncion","Entre 3.500.000 a 5.000.000 gs","Programador"
"2018/09/10 12:43:10 p.m. GMT-4","Hibrído","Nacional (Paraguay)","Asuncion","Entre 5.000.000 a 7.000.000 gs","Programador"
"2018/09/10 12:51:45 p.m. GMT-4","Presencial","Nacional (Paraguay)","Asunción","Salario mínimo 2.112.562 gs","Analista"
"2018/09/10 12:52:07 p.m. GMT-4","Presencial","Nacional (Paraguay)","Asunción ","Menos del salario mínimo (2.112.562 gs)","Programador "
"2018/09/10 12:52:07 p.m. GMT-4","Presencial","Nacional (Paraguay)","Asunción ","Menos del salario mínimo (2.112.562 gs)","Programador "
"2018/09/10 12:52:37 p.m. GMT-4","Presencial","Nacional (Paraguay)","Asuncion ","Entre 2.112.562 gs a 3.500.000 gs","Programador "
"2018/09/10 12:55:16 p.m. GMT-4","Presencial","Nacional (Paraguay)","San Juan Bautista","Entre 2.112.562 gs a 3.500.000 gs","Programador"
"2018/09/10 12:57:04 p.m. GMT-4","Presencial","Internacional","Asunción","Entre 5.000.000 a 7.000.000 gs","Líder de Equipo"
"2018/09/10 1:03:30 p.m. GMT-4","Presencial","Nacional (Paraguay)","CDE","Entre 9.000.000 a 12.000.000 gs","Dev Full Stack"
"2018/09/10 1:05:54 p.m. GMT-4","Hibrído","Nacional (Paraguay)","Asunción","Entre 12.000.000 a 15.000.000 gs","Ingeniero de Software"
"2018/09/10 1:10:15 p.m. GMT-4","Presencial","Nacional (Paraguay)","Asunción","Entre 2.112.562 gs a 3.500.000 gs","Programador"
"2018/09/10 1:15:17 p.m. GMT-4","Presencial","Nacional (Paraguay)","Asunción","Entre 9.000.000 a 12.000.000 gs","Analista"
"2018/09/10 1:17:32 p.m. GMT-4","Presencial","Nacional (Paraguay)","Asunción","Entre 5.000.000 a 7.000.000 gs","Programador/analista/debugger y a veces full stack"
"2018/09/10 1:17:36 p.m. GMT-4","Presencial","Nacional (Paraguay)","Lambare","Entre 3.500.000 a 5.000.000 gs","Programador "
"2018/09/10 1:35:37 p.m. GMT-4","Presencial","Nacional (Paraguay)","Asncion","Entre 3.500.000 a 5.000.000 gs","Particular"
"2018/09/10 1:42:58 p.m. GMT-4","Presencial","Nacional (Paraguay)","Asunción","Entre 7.000.000 a 9.000.000 gs","Desarrollador de Sistemas"
"2018/09/10 1:43:08 p.m. GMT-4","Hibrído","Nacional (Paraguay)","Ciudad del Este","Entre 12.000.000 a 15.000.000 gs","Programador"
"2018/09/10 1:51:36 p.m. GMT-4","Presencial","Nacional (Paraguay)","Asunción","Entre 5.000.000 a 7.000.000 gs","Programador Full Stack (Especializado en Frontend)"
"2018/09/10 1:52:28 p.m. GMT-4","Remoto","Nacional (Paraguay)","Alto Parana","Entre 3.500.000 a 5.000.000 gs","Programado"
"2018/09/10 1:54:56 p.m. GMT-4","Presencial","Internacional","Asunción","Entre 5.000.000 a 7.000.000 gs","Programador Senior"
"2018/09/10 1:55:11 p.m. GMT-4","Presencial","Internacional","Asunción","Entre 5.000.000 a 7.000.000 gs","Desarrollador de software"
"2018/09/10 2:09:11 p.m. GMT-4","Presencial","Nacional (Paraguay)","Asunción","Entre 5.000.000 a 7.000.000 gs","Lider de Proyecto"
"2018/09/10 2:17:29 p.m. GMT-4","Remoto","Nacional (Paraguay)","Encarnacion","Entre 5.000.000 a 7.000.000 gs","Desarrollador"
"2018/09/10 2:18:08 p.m. GMT-4","Hibrído","Nacional (Paraguay)","Asunción","Entre 5.000.000 a 7.000.000 gs","Programador"
"2018/09/10 2:18:53 p.m. GMT-4","Presencial","Internacional","Asuncion","Entre 5.000.000 a 7.000.000 gs","Programador"
"2018/09/10 2:44:24 p.m. GMT-4","Presencial","Nacional (Paraguay)","Asunción","Entre 7.000.000 a 9.000.000 gs","SysAdmin"
"2018/09/10 2:52:29 p.m. GMT-4","Presencial","Nacional (Paraguay)","Asunción","Entre 3.500.000 a 5.000.000 gs","Programador"
"2018/09/10 2:57:49 p.m. GMT-4","Hibrído","Internacional","Asunción","Entre 9.000.000 a 12.000.000 gs","Programador"
"2018/09/10 3:05:49 p.m. GMT-4","Hibrído","Nacional (Paraguay)","Asunción. ","Entre 9.000.000 a 12.000.000 gs","Desarrollador "
"2018/09/10 3:22:38 p.m. GMT-4","Presencial","Nacional (Paraguay)","Asuncion","Entre 3.500.000 a 5.000.000 gs","Desarrollador"
"2018/09/10 3:35:45 p.m. GMT-4","Presencial","Nacional (Paraguay)","Fernando de la Mora","Entre 5.000.000 a 7.000.000 gs","Programador"
"2018/09/10 4:04:16 p.m. GMT-4","Presencial","Internacional","Asuncion","Entre 7.000.000 a 9.000.000 gs","Programador"
"2018/09/10 4:25:39 p.m. GMT-4","Hibrído","Nacional (Paraguay)","Asunción","Entre 5.000.000 a 7.000.000 gs","Programador"
"2018/09/10 4:49:46 p.m. GMT-4","Presencial","Nacional (Paraguay)","Asunción","Entre 3.500.000 a 5.000.000 gs","Programador"
"2018/09/10 4:59:19 p.m. GMT-4","Presencial","Nacional (Paraguay)","Asuncion","Entre 5.000.000 a 7.000.000 gs","Administrador de Sistemas"
"2018/09/10 5:32:29 p.m. GMT-4","Hibrído","Nacional (Paraguay)","encarnacion","Entre 5.000.000 a 7.000.000 gs","Programador"
"2018/09/10 5:34:09 p.m. GMT-4","Presencial","Nacional (Paraguay)","Encarnación","Entre 3.500.000 a 5.000.000 gs","Analista de Sistema"
"2018/09/10 5:36:47 p.m. GMT-4","Remoto","Internacional","Asuncion","Más de 18.000.000 gs","Programador"
"2018/09/10 5:46:47 p.m. GMT-4","Hibrído","Nacional (Paraguay)","Asuncion","Entre 12.000.000 a 15.000.000 gs","PM"
"2018/09/10 5:56:31 p.m. GMT-4","Presencial","Nacional (Paraguay)","Asunción","Entre 3.500.000 a 5.000.000 gs","Programador"
"2018/09/10 6:48:55 p.m. GMT-4","Presencial","Nacional (Paraguay)","Asunción","Entre 2.112.562 gs a 3.500.000 gs","Programador"
"2018/09/10 6:50:21 p.m. GMT-4","Presencial","Nacional (Paraguay)","Asunción","Entre 2.112.562 gs a 3.500.000 gs","Programador"
"2018/09/10 7:13:31 p.m. GMT-4","Presencial","Nacional (Paraguay)","Asunción","Entre 9.000.000 a 12.000.000 gs","Jefe de Proyectos / Coordinador de Sistemas"
"2018/09/10 7:26:54 p.m. GMT-4","Presencial","Nacional (Paraguay)","Ciudad del Este","Entre 2.112.562 gs a 3.500.000 gs","Desarrollador BI"
"2018/09/10 7:51:42 p.m. GMT-4","Presencial","Nacional (Paraguay)","Asunción","Entre 5.000.000 a 7.000.000 gs","Programador"
"2018/09/10 7:55:37 p.m. GMT-4","Presencial","Nacional (Paraguay)","CDE","Entre 2.112.562 gs a 3.500.000 gs","Analista"
"2018/09/10 8:06:07 p.m. GMT-4","Presencial","Nacional (Paraguay)","Asunción ","Entre 2.112.562 gs a 3.500.000 gs","Desarrollador web"
"2018/09/10 8:13:11 p.m. GMT-4","Presencial","Nacional (Paraguay)","Asunción","Menos del salario mínimo (2.112.562 gs)","Programador"
"2018/09/10 10:40:12 p.m. GMT-4","Presencial","Nacional (Paraguay)","Adicción","Entre 2.112.562 gs a 3.500.000 gs","Prig"
"2018/09/10 11:06:27 p.m. GMT-4","Presencial","Nacional (Paraguay)","Asuncion","Menos del salario mínimo (2.112.562 gs)","Programador"
"2018/09/10 11:40:38 p.m. GMT-4","Presencial","Nacional (Paraguay)","Asunción","Entre 5.000.000 a 7.000.000 gs","Programador"
"2018/09/11 12:09:47 p.m. GMT-4","Presencial","Nacional (Paraguay)","Capital","Entre 7.000.000 a 9.000.000 gs","Analista - Jefe Proyecto"
"2018/09/11 1:04:25 p.m. GMT-4","Presencial","Nacional (Paraguay)","Asuncion","Entre 2.112.562 gs a 3.500.000 gs","Desarrollador"
"2018/09/11 1:16:23 p.m. GMT-4","Presencial","Nacional (Paraguay)","Asunción","Entre 3.500.000 a 5.000.000 gs","Programador"
"2018/09/11 1:59:01 p.m. GMT-4","Hibrído","Nacional (Paraguay)","Asunción","Más de 18.000.000 gs","Full Stack"
"2018/09/11 2:24:58 p.m. GMT-4","Presencial","Nacional (Paraguay)","Asunción ","Entre 3.500.000 a 5.000.000 gs","Programador"
"2018/09/11 2:51:49 p.m. GMT-4","Presencial","Nacional (Paraguay)","Asunción","Entre 5.000.000 a 7.000.000 gs","Desarrollador .Net"
"2018/09/11 2:58:21 p.m. GMT-4","Presencial","Internacional","asuncion","Entre 9.000.000 a 12.000.000 gs","co-team-lead"
"2018/09/11 3:00:05 p.m. GMT-4","Remoto","Internacional","Asunción","Más de 18.000.000 gs","Programador"
"2018/09/11 3:46:37 p.m. GMT-4","Presencial","Nacional (Paraguay)","Asuncion","Entre 5.000.000 a 7.000.000 gs","Jefe de Ti"
"2018/09/11 10:12:10 p.m. GMT-4","Hibrído","Nacional (Paraguay)","Asuncion","Entre 3.500.000 a 5.000.000 gs","Programador"
"2018/09/11 10:17:47 p.m. GMT-4","Presencial","Nacional (Paraguay)","Asuncion ","Entre 7.000.000 a 9.000.000 gs","Jefe de proyecto"
"2018/09/11 10:18:56 p.m. GMT-4","Presencial","Nacional (Paraguay)","Asunción","Entre 9.000.000 a 12.000.000 gs","Jefe de Desarrollo"
"2018/09/11 10:30:22 p.m. GMT-4","Presencial","Nacional (Paraguay)","Asunción ","Entre 7.000.000 a 9.000.000 gs","Programador "
"2018/09/12 12:43:15 a.m. GMT-4","Presencial","Nacional (Paraguay)","Asunción","Entre 7.000.000 a 9.000.000 gs","Programador"
"2018/09/12 6:46:48 a.m. GMT-4","Presencial","Nacional (Paraguay)","Asunción","Entre 5.000.000 a 7.000.000 gs","Programador"
"2018/09/12 7:43:25 a.m. GMT-4","Remoto","Nacional (Paraguay)","Capiata","Entre 5.000.000 a 7.000.000 gs","Programador"
"2018/09/12 8:10:42 a.m. GMT-4","Presencial","Nacional (Paraguay)","Asunción","Entre 5.000.000 a 7.000.000 gs","Programador"
"2018/09/12 8:50:29 a.m. GMT-4","Presencial","Nacional (Paraguay)","Asunción ","Entre 7.000.000 a 9.000.000 gs","Gerente de Desarrollo"
"2018/09/12 8:57:08 a.m. GMT-4","Presencial","Nacional (Paraguay)","Asuncion","Entre 7.000.000 a 9.000.000 gs","Programador"
"2018/09/12 9:00:35 a.m. GMT-4","Presencial","Nacional (Paraguay)","Asunción","Entre 5.000.000 a 7.000.000 gs","Programador"
"2018/09/12 9:01:08 a.m. GMT-4","Presencial","Nacional (Paraguay)","Asunción","Entre 5.000.000 a 7.000.000 gs","Programador"
"2018/09/12 9:07:47 a.m. GMT-4","Presencial","Nacional (Paraguay)","Asunción","Más de 18.000.000 gs","Programador"
"2018/09/12 9:51:56 a.m. GMT-4","Hibrído","Nacional (Paraguay)","Asunción ","Entre 3.500.000 a 5.000.000 gs","Programador"
"2018/09/12 10:07:11 a.m. GMT-4","Hibrído","Nacional (Paraguay)","Villarrica","Entre 2.112.562 gs a 3.500.000 gs","Analista - Desarrollador"
"2018/09/12 10:07:22 a.m. GMT-4","Presencial","Nacional (Paraguay)","guaira","Entre 3.500.000 a 5.000.000 gs","informatico"
"2018/09/12 11:17:03 a.m. GMT-4","Presencial","Nacional (Paraguay)","Asunción","Entre 3.500.000 a 5.000.000 gs","Programador"
"2018/09/12 11:19:22 a.m. GMT-4","Presencial","Nacional (Paraguay)","Asuncion","Entre 2.112.562 gs a 3.500.000 gs","Programador"
"2018/09/12 11:41:28 a.m. GMT-4","Presencial","Nacional (Paraguay)","Fernando De La Mora","Entre 7.000.000 a 9.000.000 gs","Programador"
"2018/09/12 11:41:43 a.m. GMT-4","Presencial","Nacional (Paraguay)","Asuncion","Entre 3.500.000 a 5.000.000 gs","Programador"
"2018/09/12 11:52:00 a.m. GMT-4","Presencial","Nacional (Paraguay)","Asuncion","Entre 5.000.000 a 7.000.000 gs","Programador"
"2018/09/12 12:30:45 p.m. GMT-4","Presencial","Nacional (Paraguay)","Asunción","Entre 5.000.000 a 7.000.000 gs","UI/UX Designer"
"2018/09/12 1:09:20 p.m. GMT-4","Presencial","Nacional (Paraguay)","Asunción","Entre 3.500.000 a 5.000.000 gs","Programador"
"2018/09/12 1:15:19 p.m. GMT-4","Presencial","Nacional (Paraguay)","Asunción","Entre 3.500.000 a 5.000.000 gs","Programador full stack"
"2018/09/12 1:29:14 p.m. GMT-4","Presencial","Nacional (Paraguay)","Asunción","Entre 2.112.562 gs a 3.500.000 gs","Programador"
"2018/09/12 1:38:04 p.m. GMT-4","Presencial","Nacional (Paraguay)","Asuncion","Entre 5.000.000 a 7.000.000 gs","Coordinador-Desarrollador"
"2018/09/12 2:00:03 p.m. GMT-4","Presencial","Nacional (Paraguay)","Asunción","Entre 3.500.000 a 5.000.000 gs","Programador"
"2018/09/12 2:11:50 p.m. GMT-4","Presencial","Nacional (Paraguay)","Asuncion","Salario mínimo 2.112.562 gs","Programadora"
"2018/09/12 3:30:13 p.m. GMT-4","Presencial","Nacional (Paraguay)","Asunción","Entre 7.000.000 a 9.000.000 gs","Sw Architect"
"2018/09/12 3:33:22 p.m. GMT-4","Presencial","Nacional (Paraguay)","Asunción","Entre 3.500.000 a 5.000.000 gs","Programador"
"2018/09/12 4:49:22 p.m. GMT-4","Hibrído","Internacional","Asuncion","Salario mínimo 2.112.562 gs","Programador"
"2018/09/12 4:50:03 p.m. GMT-4","Presencial","Nacional (Paraguay)","Asunción","Entre 3.500.000 a 5.000.000 gs","Programador"
"2018/09/12 4:50:25 p.m. GMT-4","Presencial","Nacional (Paraguay)","Asunción","Entre 2.112.562 gs a 3.500.000 gs","Jefe de proyecto, Programador, One man army"
"2018/09/13 1:10:45 p.m. GMT-4","Remoto","Nacional (Paraguay)","Fernando","Entre 2.112.562 gs a 3.500.000 gs","Programador"
"2018/09/13 1:42:59 p.m. GMT-4","Presencial","Nacional (Paraguay)","Asunción","Entre 9.000.000 a 12.000.000 gs","Encargado de Análisis y Desarrollo"
"2018/09/13 4:29:40 p.m. GMT-4","Presencial","Internacional","Asuncion","Más de 18.000.000 gs","Arquitectura digital"
"2018/09/13 4:30:17 p.m. GMT-4","Presencial","Nacional (Paraguay)","Asuncion","Entre 5.000.000 a 7.000.000 gs","Programador"
"2018/09/13 8:22:48 p.m. GMT-4","Presencial","Nacional (Paraguay)","Asunción","Entre 3.500.000 a 5.000.000 gs","Desarrollador"
"2018/09/14 6:53:31 a.m. GMT-4","Presencial","Nacional (Paraguay)","Asuncion","Entre 3.500.000 a 5.000.000 gs","Programador"
"2018/09/14 10:51:52 a.m. GMT-4","Presencial","Nacional (Paraguay)","Asunción","Entre 3.500.000 a 5.000.000 gs","Programador"
"2018/09/14 11:34:20 a.m. GMT-4","Presencial","Nacional (Paraguay)","Asuncion","Entre 3.500.000 a 5.000.000 gs","Jefe de proyecto"
"2018/09/14 6:08:09 p.m. GMT-4","Presencial","Nacional (Paraguay)","Asuncio","Entre 9.000.000 a 12.000.000 gs","Analista Senior / Cientifico de Datos"
"2018/09/15 6:37:24 a.m. GMT-4","Presencial","Nacional (Paraguay)","ASUNCIÓN ","Entre 5.000.000 a 7.000.000 gs","Programador "
"2018/09/15 6:49:38 a.m. GMT-4","Presencial","Nacional (Paraguay)","Asunción","Entre 12.000.000 a 15.000.000 gs","Arquitecto de Software, Sysadmin, DBA, ere erea..."
"2018/09/15 6:54:45 a.m. GMT-4","Presencial","Nacional (Paraguay)","San Lorenzo","Entre 2.112.562 gs a 3.500.000 gs","Programador"
"2018/09/15 10:30:38 a.m. GMT-4","Presencial","Nacional (Paraguay)","Asunción","Entre 9.000.000 a 12.000.000 gs","Desarrollo"
"2018/09/15 11:25:53 a.m. GMT-4","Presencial","Nacional (Paraguay)","Asuncion","Entre 12.000.000 a 15.000.000 gs","Gerente "
"2018/09/15 8:10:15 p.m. GMT-4","Presencial","Nacional (Paraguay)","Asunción","Entre 12.000.000 a 15.000.000 gs","Jefe de proyecto"
"2018/09/15 8:48:04 p.m. GMT-4","Presencial","Nacional (Paraguay)","Asunción","Entre 5.000.000 a 7.000.000 gs","Programador"
"2018/09/16 10:51:07 a.m. GMT-4","Presencial","Nacional (Paraguay)","Asunción","Entre 7.000.000 a 9.000.000 gs","Analista/Programador"
"2018/09/16 12:41:07 p.m. GMT-4","Presencial","Nacional (Paraguay)","Asunción","Entre 12.000.000 a 15.000.000 gs","Jefe de Proyectos"
"2018/09/16 2:36:30 p.m. GMT-4","Presencial","Nacional (Paraguay)","Asunción","Entre 5.000.000 a 7.000.000 gs","Programador"
"2018/09/16 6:42:35 p.m. GMT-4","Presencial","Nacional (Paraguay)","Asunción","Entre 5.000.000 a 7.000.000 gs","Jefe "
"2018/09/16 11:30:39 p.m. GMT-4","Presencial","Nacional (Paraguay)","Asuncion","Entre 5.000.000 a 7.000.000 gs","Programador"
"2018/09/17 12:12:31 a.m. GMT-4","Presencial","Nacional (Paraguay)","Asunción","Entre 3.500.000 a 5.000.000 gs","Programador"
"2018/09/17 12:17:04 a.m. GMT-4","Presencial","Nacional (Paraguay)","Asunción","Entre 7.000.000 a 9.000.000 gs","Líder de Proyecto"
"2018/09/17 10:19:59 a.m. GMT-4","Presencial","Nacional (Paraguay)","Asunción","Entre 5.000.000 a 7.000.000 gs","Programador"
"2018/09/17 10:43:03 a.m. GMT-4","Presencial","Nacional (Paraguay)","Asunción","Entre 2.112.562 gs a 3.500.000 gs","Programador"
"2018/09/17 1:46:43 p.m. GMT-4","Presencial","Nacional (Paraguay)","Asunción","Entre 12.000.000 a 15.000.000 gs","Gerente"
"2018/09/17 2:33:32 p.m. GMT-4","Presencial","Nacional (Paraguay)","Asunción","Entre 9.000.000 a 12.000.000 gs","Jefe de proyecto"
"2018/09/17 3:36:18 p.m. GMT-4","Presencial","Nacional (Paraguay)","Asuncion","Entre 3.500.000 a 5.000.000 gs","Programador java"
"2018/09/17 6:16:52 p.m. GMT-4","Presencial","Nacional (Paraguay)","Fernando de la Mora ","Entre 5.000.000 a 7.000.000 gs","Desarrollador"
"2018/09/17 6:17:09 p.m. GMT-4","Presencial","Nacional (Paraguay)","Asuncion","Entre 5.000.000 a 7.000.000 gs","Jefe de proyecto "
"2018/09/18 10:15:15 a.m. GMT-4","Presencial","Nacional (Paraguay)","Asuncion","Entre 7.000.000 a 9.000.000 gs","Programador"
"2018/09/18 10:19:20 a.m. GMT-4","Presencial","Nacional (Paraguay)","Asuncion","Entre 7.000.000 a 9.000.000 gs","Programador"
"2018/09/18 10:22:32 a.m. GMT-4","Presencial","Nacional (Paraguay)","Asunción","Entre 3.500.000 a 5.000.000 gs","Programador"
"2018/09/18 10:24:31 a.m. GMT-4","Presencial","Nacional (Paraguay)","Asuncion","Entre 2.112.562 gs a 3.500.000 gs","Programador"
"2018/09/18 10:26:01 a.m. GMT-4","Presencial","Nacional (Paraguay)","Asuncion","Entre 2.112.562 gs a 3.500.000 gs","Programador"
"2018/09/18 10:28:38 a.m. GMT-4","Presencial","Nacional (Paraguay)","Asuncion","Entre 7.000.000 a 9.000.000 gs","Programador"
"2018/09/18 10:37:56 a.m. GMT-4","Presencial","Nacional (Paraguay)","Asuncion","Entre 5.000.000 a 7.000.000 gs","PRogramador"
"2018/09/18 10:38:35 a.m. GMT-4","Presencial","Nacional (Paraguay)","Asuncion","Entre 2.112.562 gs a 3.500.000 gs","Programador"
"2018/09/18 10:41:07 a.m. GMT-4","Presencial","Nacional (Paraguay)","Asunción","Entre 2.112.562 gs a 3.500.000 gs","Desarrollador jr"
"2018/09/18 10:44:18 a.m. GMT-4","Presencial","Nacional (Paraguay)","Asunción","Entre 3.500.000 a 5.000.000 gs","Programador"
"2018/09/18 10:48:20 a.m. GMT-4","Presencial","Nacional (Paraguay)","Asunción","Entre 7.000.000 a 9.000.000 gs","Programador"
"2018/09/18 10:49:48 a.m. GMT-4","Presencial","Nacional (Paraguay)","Asuncion","Entre 7.000.000 a 9.000.000 gs","Programador"
"2018/09/18 10:52:08 a.m. GMT-4","Presencial","Nacional (Paraguay)","Asuncion","Menos del salario mínimo (2.112.562 gs)","Programador"
"2018/09/18 5:37:18 p.m. GMT-4","Presencial","Nacional (Paraguay)","Asunción","Salario mínimo 2.112.562 gs","Aprendiz"
"2018/09/19 9:28:16 a.m. GMT-4","Presencial","Nacional (Paraguay)","ñemby","Entre 5.000.000 a 7.000.000 gs","Programador android"
"2018/09/19 10:09:34 a.m. GMT-4","Presencial","Nacional (Paraguay)","Asuncion","Entre 12.000.000 a 15.000.000 gs","Desarrollador"
"2018/09/19 2:03:56 p.m. GMT-4","Presencial","Nacional (Paraguay)","Asunción","Entre 7.000.000 a 9.000.000 gs","Veronica Schlottman"
"2018/09/20 10:32:42 a.m. GMT-4","Presencial","Nacional (Paraguay)","Asuncion","Entre 9.000.000 a 12.000.000 gs","Programador"
"2018/09/20 3:08:34 p.m. GMT-4","Remoto","Internacional","Luque","Más de 18.000.000 gs","Software engineer"
"2018/09/20 3:11:46 p.m. GMT-4","Presencial","Nacional (Paraguay)","Asunción ","Entre 2.112.562 gs a 3.500.000 gs","Programador"
"2018/09/20 3:20:50 p.m. GMT-4","Presencial","Nacional (Paraguay)","Asunción ","Entre 5.000.000 a 7.000.000 gs","Analista y desarrollador "
"2018/09/20 3:35:17 p.m. GMT-4","Presencial","Nacional (Paraguay)","Asunción ","Entre 5.000.000 a 7.000.000 gs","Programador"
"2018/09/20 3:37:36 p.m. GMT-4","Presencial","Nacional (Paraguay)","Asunción","Entre 7.000.000 a 9.000.000 gs","Programador"
"2018/09/20 3:44:42 p.m. GMT-4","Presencial","Nacional (Paraguay)","Asuncion","Entre 5.000.000 a 7.000.000 gs","Programador"
"2018/09/20 3:45:21 p.m. GMT-4","Presencial","Nacional (Paraguay)","Asunción","Entre 7.000.000 a 9.000.000 gs","Programador"
"2018/09/20 4:15:41 p.m. GMT-4","Presencial","Nacional (Paraguay)","Asuncion","Entre 3.500.000 a 5.000.000 gs","Programador"
"2018/09/20 4:26:42 p.m. GMT-4","Presencial","Nacional (Paraguay)","Asunción ","Entre 2.112.562 gs a 3.500.000 gs","Programador"
"2018/09/20 4:30:03 p.m. GMT-4","Presencial","Nacional (Paraguay)","Asunción","Entre 3.500.000 a 5.000.000 gs","PROGRAMADORA"
"2018/09/20 4:31:25 p.m. GMT-4","Presencial","Nacional (Paraguay)","Asunción ","Entre 9.000.000 a 12.000.000 gs","Jefe de infraestructura "
"2018/09/20 4:31:35 p.m. GMT-4","Presencial","Nacional (Paraguay)","Asunción","Entre 7.000.000 a 9.000.000 gs","Sub-Gerente Desarrollo"
"2018/09/20 5:01:35 p.m. GMT-4","Presencial","Nacional (Paraguay)","Asunción ","Entre 2.112.562 gs a 3.500.000 gs","Programador"
"2018/09/20 5:43:21 p.m. GMT-4","Presencial","Nacional (Paraguay)","Asunción","Entre 5.000.000 a 7.000.000 gs","Programador"
"2018/09/20 6:02:19 p.m. GMT-4","Presencial","Nacional (Paraguay)","Asunción","Entre 2.112.562 gs a 3.500.000 gs","Desarrollador"
"2018/09/20 8:29:07 p.m. GMT-4","Presencial","Nacional (Paraguay)","Asunción ","Entre 7.000.000 a 9.000.000 gs","Desarrollador Oracle "
"2018/09/20 8:42:35 p.m. GMT-4","Presencial","Nacional (Paraguay)","Asuncion","Entre 2.112.562 gs a 3.500.000 gs","Analista"
"2018/09/20 9:52:13 p.m. GMT-4","Presencial","Nacional (Paraguay)","Luque","Entre 7.000.000 a 9.000.000 gs","Programador"
"2018/09/20 10:48:32 p.m. GMT-4","Presencial","Nacional (Paraguay)","Asunción ","Entre 3.500.000 a 5.000.000 gs","Programador, jefe de proyecto... etc."
"2018/09/21 7:25:37 a.m. GMT-4","Presencial","Nacional (Paraguay)","Asuncion","Entre 5.000.000 a 7.000.000 gs","Programador"
"2018/09/21 7:30:34 a.m. GMT-4","Presencial","Nacional (Paraguay)","Asunción","Entre 3.500.000 a 5.000.000 gs","Analista, Programador"
"2018/09/21 7:41:14 a.m. GMT-4","Presencial","Nacional (Paraguay)","Asunción ","Entre 3.500.000 a 5.000.000 gs","Programador "
"2018/09/21 7:42:51 a.m. GMT-4","Presencial","Nacional (Paraguay)","Asunción","Salario mínimo 2.112.562 gs","Desarrollador"
"2018/09/21 7:43:38 a.m. GMT-4","Presencial","Nacional (Paraguay)","Asunción ","Entre 3.500.000 a 5.000.000 gs","Programador "
"2018/09/21 7:47:56 a.m. GMT-4","Hibrído","Nacional (Paraguay)","Asunción","Entre 3.500.000 a 5.000.000 gs","Programador"
"2018/09/21 8:01:54 a.m. GMT-4","Presencial","Nacional (Paraguay)","Asuncion","Entre 7.000.000 a 9.000.000 gs","Programador"
"2018/09/21 8:19:00 a.m. GMT-4","Presencial","Nacional (Paraguay)","Asuncion","Entre 5.000.000 a 7.000.000 gs","Programador"
"2018/09/21 8:21:13 a.m. GMT-4","Presencial","Nacional (Paraguay)","Asunción","Entre 5.000.000 a 7.000.000 gs","Desarrollador"
"2018/09/21 8:41:15 a.m. GMT-4","Presencial","Nacional (Paraguay)","fernando de la mora","Entre 9.000.000 a 12.000.000 gs","Gerente de TI"
"2018/09/21 8:44:58 a.m. GMT-4","Presencial","Nacional (Paraguay)","Asuncion","Entre 5.000.000 a 7.000.000 gs","Programador"
"2018/09/21 9:32:41 a.m. GMT-4","Presencial","Nacional (Paraguay)","Asunción","Entre 5.000.000 a 7.000.000 gs","Lider de Proyecto"
"2018/09/21 9:33:20 a.m. GMT-4","Presencial","Nacional (Paraguay)","Asuncion","Entre 3.500.000 a 5.000.000 gs","Programador"
"2018/09/21 9:33:26 a.m. GMT-4","Presencial","Nacional (Paraguay)","Asunción","Entre 7.000.000 a 9.000.000 gs","Jefe de Proyectos"
"2018/09/21 9:33:33 a.m. GMT-4","Presencial","Nacional (Paraguay)","Asunción","Entre 7.000.000 a 9.000.000 gs","Programador"
"2018/09/21 9:35:04 a.m. GMT-4","Presencial","Nacional (Paraguay)","Asunción","Entre 7.000.000 a 9.000.000 gs","Analista Desarrollador"
"2018/09/21 9:35:33 a.m. GMT-4","Presencial","Nacional (Paraguay)","Asunción","Entre 3.500.000 a 5.000.000 gs","Programador"
"2018/09/21 9:35:46 a.m. GMT-4","Presencial","Nacional (Paraguay)","Asunción","Entre 3.500.000 a 5.000.000 gs","Programador"
"2018/09/21 9:36:07 a.m. GMT-4","Presencial","Nacional (Paraguay)","San Lorenzo","Entre 3.500.000 a 5.000.000 gs","Desarrollador"
"2018/09/21 9:36:38 a.m. GMT-4","Presencial","Nacional (Paraguay)","Asuncion","Salario mínimo 2.112.562 gs","Programador"
"2018/09/21 9:37:06 a.m. GMT-4","Presencial","Nacional (Paraguay)","Asunción","Entre 7.000.000 a 9.000.000 gs","Analista/Programador Senior"
"2018/09/21 9:37:29 a.m. GMT-4","Presencial","Nacional (Paraguay)","fernando de la mora","Entre 7.000.000 a 9.000.000 gs","jefe de proyecto"
"2018/09/21 9:37:36 a.m. GMT-4","Presencial","Nacional (Paraguay)","Asuncion","Entre 5.000.000 a 7.000.000 gs","Analista de Sistemas Informaticos"
"2018/09/21 9:37:39 a.m. GMT-4","Presencial","Nacional (Paraguay)","Asuncion","Entre 3.500.000 a 5.000.000 gs","Programador"
"2018/09/21 9:37:49 a.m. GMT-4","Presencial","Nacional (Paraguay)","Fernando de la Mora","Entre 3.500.000 a 5.000.000 gs","Jefe de proyecto"
"2018/09/21 9:38:07 a.m. GMT-4","Hibrído","Nacional (Paraguay)","Asunción","Entre 3.500.000 a 5.000.000 gs","programador"
"2018/09/21 9:38:16 a.m. GMT-4","Remoto","Internacional","Asunción ","Más de 18.000.000 gs","Sr. Java Software Engineer "
"2018/09/21 9:38:37 a.m. GMT-4","Presencial","Nacional (Paraguay)","Asunción","Entre 3.500.000 a 5.000.000 gs","Analista - Programador"
"2018/09/21 9:39:18 a.m. GMT-4","Hibrído","Nacional (Paraguay)","Asuncion","Entre 9.000.000 a 12.000.000 gs","Analista desarrollador"
"2018/09/21 9:39:54 a.m. GMT-4","Presencial","Nacional (Paraguay)","Asuncion","Entre 7.000.000 a 9.000.000 gs","Programador de Sistemas Seniors"
"2018/09/21 9:40:18 a.m. GMT-4","Presencial","Nacional (Paraguay)","Asunción","Entre 2.112.562 gs a 3.500.000 gs","Programador"
"2018/09/21 9:40:39 a.m. GMT-4","Presencial","Nacional (Paraguay)","Asunción","Entre 3.500.000 a 5.000.000 gs","Programador"
"2018/09/21 9:41:46 a.m. GMT-4","Hibrído","Nacional (Paraguay)","Asunción","Entre 9.000.000 a 12.000.000 gs","Desarrollador"
"2018/09/21 9:41:47 a.m. GMT-4","Presencial","Nacional (Paraguay)","Fernando de la Mora","Entre 3.500.000 a 5.000.000 gs","Analista "
"2018/09/21 9:42:18 a.m. GMT-4","Presencial","Nacional (Paraguay)","Asunción","Entre 2.112.562 gs a 3.500.000 gs","Programador"
"2018/09/21 9:42:34 a.m. GMT-4","Hibrído","Internacional","San Lorenzo","Entre 5.000.000 a 7.000.000 gs","Programador"
"2018/09/21 9:42:52 a.m. GMT-4","Presencial","Nacional (Paraguay)","Asunción","Entre 12.000.000 a 15.000.000 gs","Jefe de Informática"
"2018/09/21 9:43:55 a.m. GMT-4","Presencial","Nacional (Paraguay)","Asunción","Salario mínimo 2.112.562 gs","desarrollador"
"2018/09/21 9:44:20 a.m. GMT-4","Presencial","Nacional (Paraguay)","Asunción","Entre 2.112.562 gs a 3.500.000 gs","Programador"
"2018/09/21 9:44:47 a.m. GMT-4","Presencial","Nacional (Paraguay)","Asunción ","Salario mínimo 2.112.562 gs","Analista, programador y soporte "
"2018/09/21 9:45:21 a.m. GMT-4","Presencial","Nacional (Paraguay)","Asunción","Entre 3.500.000 a 5.000.000 gs","Programador"
"2018/09/21 9:45:28 a.m. GMT-4","Presencial","Nacional (Paraguay)","Asuncion","Entre 2.112.562 gs a 3.500.000 gs","Programador"
"2018/09/21 9:46:15 a.m. GMT-4","Presencial","Nacional (Paraguay)","Fernando de la Mora","Entre 2.112.562 gs a 3.500.000 gs","Desarrollador"
"2018/09/21 9:46:35 a.m. GMT-4","Presencial","Nacional (Paraguay)","Asunción","Entre 5.000.000 a 7.000.000 gs","Analista"
"2018/09/21 9:46:39 a.m. GMT-4","Presencial","Nacional (Paraguay)","fernando de la mora","Menos del salario mínimo (2.112.562 gs)","desarrollador"
"2018/09/21 9:47:50 a.m. GMT-4","Presencial","Nacional (Paraguay)","Asuncio ","Entre 3.500.000 a 5.000.000 gs","Programador"
"2018/09/21 9:48:33 a.m. GMT-4","Presencial","Nacional (Paraguay)","Asuncion","Entre 3.500.000 a 5.000.000 gs","Programador"
"2018/09/21 9:50:03 a.m. GMT-4","Presencial","Nacional (Paraguay)","Capiata","Salario mínimo 2.112.562 gs","Desarrollador web"
"2018/09/21 9:50:15 a.m. GMT-4","Presencial","Nacional (Paraguay)","Asuncion","Entre 2.112.562 gs a 3.500.000 gs","Desarrollador web Back end y front end."
"2018/09/21 9:50:38 a.m. GMT-4","Remoto","Nacional (Paraguay)","Asuncion","Entre 2.112.562 gs a 3.500.000 gs","Programador"
"2018/09/21 9:51:49 a.m. GMT-4","Presencial","Nacional (Paraguay)","Asuncion","Entre 3.500.000 a 5.000.000 gs","Programador"
"2018/09/21 9:53:22 a.m. GMT-4","Presencial","Nacional (Paraguay)","Asunción","Entre 3.500.000 a 5.000.000 gs","Analista desarrollador"
"2018/09/21 9:53:24 a.m. GMT-4","Presencial","Nacional (Paraguay)","Capiata ","Salario mínimo 2.112.562 gs","Desarrollado web"
"2018/09/21 9:53:43 a.m. GMT-4","Presencial","Nacional (Paraguay)","Asunción ","Entre 7.000.000 a 9.000.000 gs","Arquitecto de Sistemas"
"2018/09/21 9:54:36 a.m. GMT-4","Presencial","Nacional (Paraguay)","Fernando de la Mora","Entre 2.112.562 gs a 3.500.000 gs","Desarrollo de Software"
"2018/09/21 9:55:57 a.m. GMT-4","Presencial","Nacional (Paraguay)","asuncion","Entre 7.000.000 a 9.000.000 gs","Programador"
"2018/09/21 9:56:00 a.m. GMT-4","Presencial","Nacional (Paraguay)","Asunción ","Entre 5.000.000 a 7.000.000 gs","Jefe de Informática "
"2018/09/21 9:56:20 a.m. GMT-4","Presencial","Nacional (Paraguay)","Asunción","Entre 7.000.000 a 9.000.000 gs","Jefe de Proyecto"
"2018/09/21 9:56:49 a.m. GMT-4","Presencial","Nacional (Paraguay)","Asunción","Entre 7.000.000 a 9.000.000 gs","Jefe de Proyectos "
"2018/09/21 9:56:52 a.m. GMT-4","Presencial","Nacional (Paraguay)","Asunción","Entre 3.500.000 a 5.000.000 gs","Programador"
"2018/09/21 9:56:54 a.m. GMT-4","Presencial","Nacional (Paraguay)","Asunción","Entre 5.000.000 a 7.000.000 gs","Coordinador y Desarrollador"
"2018/09/21 9:58:03 a.m. GMT-4","Presencial","Nacional (Paraguay)","Asuncion","Entre 12.000.000 a 15.000.000 gs","Jefe de I+D"
"2018/09/21 10:00:58 a.m. GMT-4","Presencial","Nacional (Paraguay)","Fernando de la Mora","Menos del salario mínimo (2.112.562 gs)","Programador Junior"
"2018/09/21 10:02:07 a.m. GMT-4","Presencial","Nacional (Paraguay)","Asunción","Entre 3.500.000 a 5.000.000 gs","Tem Lider Plataformas"
"2018/09/21 10:03:47 a.m. GMT-4","Presencial","Internacional","San Lorenzo","Entre 2.112.562 gs a 3.500.000 gs","programador"
"2018/09/21 10:04:20 a.m. GMT-4","Presencial","Nacional (Paraguay)","Ypacarai","Entre 7.000.000 a 9.000.000 gs","Analista/Programador/Lider de Proyectos"
"2018/09/21 10:07:41 a.m. GMT-4","Presencial","Nacional (Paraguay)","Asuncion","Entre 5.000.000 a 7.000.000 gs","Programador"
"2018/09/21 10:08:27 a.m. GMT-4","Presencial","Nacional (Paraguay)","Asunción","Entre 3.500.000 a 5.000.000 gs","Programador"
"2018/09/21 10:08:52 a.m. GMT-4","Presencial","Nacional (Paraguay)","Lambare","Entre 7.000.000 a 9.000.000 gs","Analista/Desarrollador"
"2018/09/21 10:17:41 a.m. GMT-4","Presencial","Nacional (Paraguay)","Asuncion","Entre 2.112.562 gs a 3.500.000 gs","Programador"
"2018/09/21 10:17:53 a.m. GMT-4","Presencial","Nacional (Paraguay)","Villarrica","Entre 2.112.562 gs a 3.500.000 gs","Programador"
"2018/09/21 10:19:16 a.m. GMT-4","Presencial","Nacional (Paraguay)","Asunción","Entre 5.000.000 a 7.000.000 gs","Web developer"
"2018/09/21 10:19:39 a.m. GMT-4","Presencial","Nacional (Paraguay)","ASU","Entre 5.000.000 a 7.000.000 gs","programador"
"2018/09/21 10:20:00 a.m. GMT-4","Presencial","Nacional (Paraguay)","Asunción","Entre 5.000.000 a 7.000.000 gs","Programador Full Stack"
"2018/09/21 10:20:02 a.m. GMT-4","Presencial","Nacional (Paraguay)","Asunción","Entre 5.000.000 a 7.000.000 gs","Jefe de Proyecto"
"2018/09/21 10:20:44 a.m. GMT-4","Presencial","Nacional (Paraguay)","Asunción","Entre 7.000.000 a 9.000.000 gs","Jefe de Mantenimiento de Sistemas"
"2018/09/21 10:21:31 a.m. GMT-4","Presencial","Nacional (Paraguay)","Asunción","Entre 5.000.000 a 7.000.000 gs","Analista de Sistemas"
"2018/09/21 10:22:43 a.m. GMT-4","Presencial","Nacional (Paraguay)","Asunción","Entre 2.112.562 gs a 3.500.000 gs","Programador"
"2018/09/21 10:24:02 a.m. GMT-4","Presencial","Nacional (Paraguay)","Asunción","Entre 5.000.000 a 7.000.000 gs","Implementador Junior"
"2018/09/21 10:26:10 a.m. GMT-4","Presencial","Nacional (Paraguay)","Asunción","Entre 7.000.000 a 9.000.000 gs","Analista Desarrollador"
"2018/09/21 10:26:20 a.m. GMT-4","Presencial","Nacional (Paraguay)","Asunción","Entre 3.500.000 a 5.000.000 gs","Programador"
"2018/09/21 10:28:30 a.m. GMT-4","Hibrído","Nacional (Paraguay)","Asunción","Entre 2.112.562 gs a 3.500.000 gs","Full Stack Developer"
"2018/09/21 10:29:28 a.m. GMT-4","Presencial","Nacional (Paraguay)","Asunción ","Entre 3.500.000 a 5.000.000 gs","Programador "
"2018/09/21 10:29:38 a.m. GMT-4","Presencial","Nacional (Paraguay)","Asuncion","Entre 5.000.000 a 7.000.000 gs","Programador "
"2018/09/21 10:31:02 a.m. GMT-4","Presencial","Nacional (Paraguay)","Lambaré","Entre 5.000.000 a 7.000.000 gs","Programador"
"2018/09/21 10:31:19 a.m. GMT-4","Presencial","Nacional (Paraguay)","Asunción","Entre 5.000.000 a 7.000.000 gs","Analista/Programador"
"2018/09/21 10:33:31 a.m. GMT-4","Presencial","Nacional (Paraguay)","Asunción","Entre 2.112.562 gs a 3.500.000 gs","Programador"
"2018/09/21 10:34:08 a.m. GMT-4","Presencial","Nacional (Paraguay)","Asuncion","Entre 5.000.000 a 7.000.000 gs","Jefe de proyecto"
"2018/09/21 10:35:52 a.m. GMT-4","Presencial","Nacional (Paraguay)","Asunción","Entre 9.000.000 a 12.000.000 gs","Gestor de Proyectos"
"2018/09/21 10:35:58 a.m. GMT-4","Presencial","Internacional","San Lorenzo","Entre 2.112.562 gs a 3.500.000 gs","Test Analyst Jr."
"2018/09/21 10:36:31 a.m. GMT-4","Presencial","Nacional (Paraguay)","Asunción","Entre 5.000.000 a 7.000.000 gs","Programador"
"2018/09/21 10:40:24 a.m. GMT-4","Presencial","Nacional (Paraguay)","Asunción.","Entre 2.112.562 gs a 3.500.000 gs","Programador y Analista"
"2018/09/21 10:41:17 a.m. GMT-4","Presencial","Nacional (Paraguay)","Asunción ","Entre 3.500.000 a 5.000.000 gs","Programador"
"2018/09/21 10:50:09 a.m. GMT-4","Presencial","Nacional (Paraguay)","Asunción","Menos del salario mínimo (2.112.562 gs)","Programador"
"2018/09/21 10:50:14 a.m. GMT-4","Presencial","Nacional (Paraguay)","Asunción","Entre 9.000.000 a 12.000.000 gs","DBA"
"2018/09/21 10:50:41 a.m. GMT-4","Presencial","Nacional (Paraguay)","Asunción","Entre 3.500.000 a 5.000.000 gs","Programador de aplicaciones web"
"2018/09/21 10:50:51 a.m. GMT-4","Presencial","Nacional (Paraguay)","Asunción","Salario mínimo 2.112.562 gs","Programador"
"2018/09/21 10:51:02 a.m. GMT-4","Presencial","Nacional (Paraguay)","Itaugua ","Menos del salario mínimo (2.112.562 gs)","Programador "
"2018/09/21 10:57:20 a.m. GMT-4","Hibrído","Nacional (Paraguay)","Asunción","Entre 2.112.562 gs a 3.500.000 gs","Analista de Datos"
"2018/09/21 10:57:30 a.m. GMT-4","Presencial","Nacional (Paraguay)","Asunción ","Entre 2.112.562 gs a 3.500.000 gs","Programador"
"2018/09/21 10:59:59 a.m. GMT-4","Presencial","Nacional (Paraguay)","Asunción","Entre 2.112.562 gs a 3.500.000 gs","programador, analista"
"2018/09/21 11:01:44 a.m. GMT-4","Presencial","Nacional (Paraguay)","Asunción","Entre 2.112.562 gs a 3.500.000 gs","Programador"
"2018/09/21 11:03:08 a.m. GMT-4","Presencial","Nacional (Paraguay)","Fernando de la Mora","Entre 2.112.562 gs a 3.500.000 gs","Programador"
"2018/09/21 11:06:05 a.m. GMT-4","Presencial","Nacional (Paraguay)","Asuncion","Entre 3.500.000 a 5.000.000 gs","Programador"
"2018/09/21 11:06:36 a.m. GMT-4","Presencial","Nacional (Paraguay)","Asuncion","Entre 3.500.000 a 5.000.000 gs","Programador"
"2018/09/21 11:07:11 a.m. GMT-4","Presencial","Nacional (Paraguay)","Asunción","Salario mínimo 2.112.562 gs","Desarrollador front end"
"2018/09/21 11:08:20 a.m. GMT-4","Presencial","Nacional (Paraguay)","Asunción","Menos del salario mínimo (2.112.562 gs)","Programador"
"2018/09/21 11:10:07 a.m. GMT-4","Hibrído","Nacional (Paraguay)","Asunción","Menos del salario mínimo (2.112.562 gs)","Programador"
"2018/09/21 11:10:44 a.m. GMT-4","Presencial","Nacional (Paraguay)","Asunción","Entre 5.000.000 a 7.000.000 gs","Desarrollador Web"
"2018/09/21 11:14:10 a.m. GMT-4","Presencial","Nacional (Paraguay)","Asuncion","Entre 7.000.000 a 9.000.000 gs","Programador"
"2018/09/21 11:15:37 a.m. GMT-4","Presencial","Nacional (Paraguay)","lambare","Entre 3.500.000 a 5.000.000 gs","programador"
"2018/09/21 11:15:56 a.m. GMT-4","Presencial","Nacional (Paraguay)","Asunción","Entre 7.000.000 a 9.000.000 gs","Desarrollador"
"2018/09/21 11:16:19 a.m. GMT-4","Presencial","Nacional (Paraguay)","Asunción ","Entre 5.000.000 a 7.000.000 gs","Desarrolladora"
"2018/09/21 11:17:09 a.m. GMT-4","Presencial","Nacional (Paraguay)","Asunción","Entre 3.500.000 a 5.000.000 gs","Jefe de Proyecto"
"2018/09/21 11:17:26 a.m. GMT-4","Presencial","Nacional (Paraguay)","San Lorenzo","Entre 3.500.000 a 5.000.000 gs","Ingeniero Analista Programador"
"2018/09/21 11:17:57 a.m. GMT-4","Presencial","Nacional (Paraguay)","Asuncion","Entre 5.000.000 a 7.000.000 gs","Administrador de Base de Datos"
"2018/09/21 11:23:19 a.m. GMT-4","Presencial","Nacional (Paraguay)","Asunción","Entre 5.000.000 a 7.000.000 gs","Programador"
"2018/09/21 11:23:27 a.m. GMT-4","Presencial","Nacional (Paraguay)","Asunción","Entre 3.500.000 a 5.000.000 gs","Desarrollador"
"2018/09/21 11:23:35 a.m. GMT-4","Presencial","Nacional (Paraguay)","Asunción","Entre 3.500.000 a 5.000.000 gs","Programador web"
"2018/09/21 11:25:10 a.m. GMT-4","Presencial","Nacional (Paraguay)","Asuncion","Entre 9.000.000 a 12.000.000 gs","Programador"
"2018/09/21 11:26:38 a.m. GMT-4","Presencial","Nacional (Paraguay)","Lambaré","Entre 2.112.562 gs a 3.500.000 gs","Programador"
"2018/09/21 11:33:01 a.m. GMT-4","Presencial","Nacional (Paraguay)","Asuncion","Entre 2.112.562 gs a 3.500.000 gs","Programador"
"2018/09/21 11:37:54 a.m. GMT-4","Presencial","Nacional (Paraguay)","Asuncion","Entre 3.500.000 a 5.000.000 gs","Programador"
"2018/09/21 11:39:07 a.m. GMT-4","Remoto","Internacional","Asunción","Entre 9.000.000 a 12.000.000 gs","Programador"
"2018/09/21 11:43:22 a.m. GMT-4","Remoto","Internacional","Asunción","Entre 12.000.000 a 15.000.000 gs","Jefe de Proyecto (Nota: muchos trabajamos por hora, y no alcanzamos a completar tiempo completo, por lo que convendría preguntar precio por hora en lugar de salario)"
"2018/09/21 11:43:30 a.m. GMT-4","Presencial","Nacional (Paraguay)","Asunción","Entre 3.500.000 a 5.000.000 gs","Líder de proyectos"
"2018/09/21 11:43:52 a.m. GMT-4","Presencial","Nacional (Paraguay)","Asunción","Entre 7.000.000 a 9.000.000 gs","Programador"
"2018/09/21 11:47:53 a.m. GMT-4","Presencial","Nacional (Paraguay)","Asunción","Entre 9.000.000 a 12.000.000 gs","Programador"
"2018/09/21 11:48:29 a.m. GMT-4","Presencial","Nacional (Paraguay)","asuncion","Entre 7.000.000 a 9.000.000 gs","jefe"
"2018/09/21 11:49:46 a.m. GMT-4","Presencial","Nacional (Paraguay)","Asuncion","Entre 9.000.000 a 12.000.000 gs","Analista-Desarrollador"
"2018/09/21 11:50:17 a.m. GMT-4","Hibrído","Nacional (Paraguay)","Asunción","Entre 3.500.000 a 5.000.000 gs","Analista/Programador"
"2018/09/21 11:57:27 a.m. GMT-4","Presencial","Nacional (Paraguay)","Asunción","Entre 9.000.000 a 12.000.000 gs","Analista programador"
"2018/09/21 12:07:18 p.m. GMT-4","Presencial","Nacional (Paraguay)","Asunción ","Entre 3.500.000 a 5.000.000 gs","Programador"
"2018/09/21 12:08:12 p.m. GMT-4","Presencial","Nacional (Paraguay)","ASUNCION","Entre 7.000.000 a 9.000.000 gs","JEFE DE PROYECTOS"
"2018/09/21 12:11:48 p.m. GMT-4","Presencial","Nacional (Paraguay)","Asunción","Entre 2.112.562 gs a 3.500.000 gs","Administrador de servidores"
"2018/09/21 12:12:43 p.m. GMT-4","Presencial","Nacional (Paraguay)","Asunción","Entre 3.500.000 a 5.000.000 gs","Desarollador full stack"
"2018/09/21 12:15:23 p.m. GMT-4","Presencial","Nacional (Paraguay)","Asunción ","Entre 3.500.000 a 5.000.000 gs","Programador/Analista "
"2018/09/21 12:15:56 p.m. GMT-4","Presencial","Nacional (Paraguay)","Asunción","Entre 9.000.000 a 12.000.000 gs","I&D"
"2018/09/21 12:16:02 p.m. GMT-4","Hibrído","Nacional (Paraguay)","Asunción","Entre 7.000.000 a 9.000.000 gs","Administrador"
"2018/09/21 12:16:42 p.m. GMT-4","Presencial","Nacional (Paraguay)","Asunción ","Entre 2.112.562 gs a 3.500.000 gs","Ninguno"
"2018/09/21 12:17:39 p.m. GMT-4","Presencial","Internacional","Asincion","Entre 5.000.000 a 7.000.000 gs","Infraestructura de Sistemas"
"2018/09/21 12:18:10 p.m. GMT-4","Presencial","Nacional (Paraguay)","Asunción","Entre 7.000.000 a 9.000.000 gs","Jefe de proyecto"
"2018/09/21 12:20:14 p.m. GMT-4","Presencial","Nacional (Paraguay)","Asuncion","Entre 5.000.000 a 7.000.000 gs","Programador"
"2018/09/21 12:37:44 p.m. GMT-4","Presencial","Nacional (Paraguay)","Asunción","Entre 9.000.000 a 12.000.000 gs","Jefe de desarrollo"
"2018/09/21 12:40:07 p.m. GMT-4","Presencial","Nacional (Paraguay)","asuncion","Entre 3.500.000 a 5.000.000 gs","programador"
"2018/09/21 12:47:21 p.m. GMT-4","Presencial","Nacional (Paraguay)","Asunción ","Entre 7.000.000 a 9.000.000 gs","Jefe de Proyecto"
"2018/09/21 1:01:13 p.m. GMT-4","Presencial","Nacional (Paraguay)","San lorenzo","Entre 3.500.000 a 5.000.000 gs","Programador"
"2018/09/21 1:01:38 p.m. GMT-4","Presencial","Nacional (Paraguay)","Asunción","Entre 5.000.000 a 7.000.000 gs","Líder de Proyectos"
"2018/09/21 1:04:46 p.m. GMT-4","Presencial","Nacional (Paraguay)","Asunción","Menos del salario mínimo (2.112.562 gs)","Programador"
"2018/09/21 1:05:22 p.m. GMT-4","Hibrído","Nacional (Paraguay)","Mariano Roque Alonso","Entre 3.500.000 a 5.000.000 gs","Programador"
"2018/09/21 1:16:26 p.m. GMT-4","Presencial","Nacional (Paraguay)","Asuncion","Entre 5.000.000 a 7.000.000 gs","Programador"
"2018/09/21 1:20:22 p.m. GMT-4","Hibrído","Nacional (Paraguay)","central","Entre 15.000.000 a 18.000.000 gs","Programador"
"2018/09/21 1:46:11 p.m. GMT-4","Presencial","Nacional (Paraguay)","Asunción","Entre 2.112.562 gs a 3.500.000 gs","Programador"
"2018/09/21 1:50:05 p.m. GMT-4","Presencial","Nacional (Paraguay)","Asunción ","Entre 5.000.000 a 7.000.000 gs","Analista de Data Mining"
"2018/09/21 2:06:20 p.m. GMT-4","Presencial","Nacional (Paraguay)","Asunción","Entre 3.500.000 a 5.000.000 gs","Jefe de proyecto, desarrollador"
"2018/09/21 2:09:50 p.m. GMT-4","Presencial","Nacional (Paraguay)","Asunción","Entre 2.112.562 gs a 3.500.000 gs","Programador "
"2018/09/21 2:11:36 p.m. GMT-4","Presencial","Nacional (Paraguay)","Asuncion","Entre 7.000.000 a 9.000.000 gs","Hadoop developer"
"2018/09/21 2:12:44 p.m. GMT-4","Presencial","Nacional (Paraguay)","asuncion","Entre 7.000.000 a 9.000.000 gs","analista data warehouse"
"2018/09/21 2:12:50 p.m. GMT-4","Presencial","Nacional (Paraguay)","Asunción","Entre 3.500.000 a 5.000.000 gs","Programador"
"2018/09/21 2:15:13 p.m. GMT-4","Presencial","Nacional (Paraguay)","Asunción","Entre 9.000.000 a 12.000.000 gs","Programador Senior"
"2018/09/21 2:21:25 p.m. GMT-4","Presencial","Nacional (Paraguay)","Asunción","Más de 18.000.000 gs","Arquitecto"
"2018/09/21 2:38:11 p.m. GMT-4","Presencial","Nacional (Paraguay)","Asunción ","Entre 3.500.000 a 5.000.000 gs","Programador"
"2018/09/21 2:41:05 p.m. GMT-4","Hibrído","Nacional (Paraguay)","Asunción","Entre 3.500.000 a 5.000.000 gs","Programador"
"2018/09/21 2:49:02 p.m. GMT-4","Remoto","Nacional (Paraguay)","Asunción","Entre 2.112.562 gs a 3.500.000 gs","Programador"
"2018/09/21 2:58:25 p.m. GMT-4","Presencial","Nacional (Paraguay)","Asunción","Entre 5.000.000 a 7.000.000 gs","Programador"
"2018/09/21 2:58:28 p.m. GMT-4","Presencial","Nacional (Paraguay)","Asuncion","Entre 5.000.000 a 7.000.000 gs","Programador"
"2018/09/21 3:03:52 p.m. GMT-4","Presencial","Nacional (Paraguay)","Asunción","Entre 3.500.000 a 5.000.000 gs","Diseñador Gráfico"
"2018/09/21 3:04:16 p.m. GMT-4","Hibrído","Nacional (Paraguay)","Asunción","Entre 2.112.562 gs a 3.500.000 gs","Moderador, community manager, creador de contenido."
"2018/09/21 3:11:46 p.m. GMT-4","Presencial","Nacional (Paraguay)","Fernando de la Mora","Entre 2.112.562 gs a 3.500.000 gs","Programador"
"2018/09/21 3:17:46 p.m. GMT-4","Presencial","Nacional (Paraguay)","Asuncion","Entre 7.000.000 a 9.000.000 gs","Programador"
"2018/09/21 3:18:09 p.m. GMT-4","Presencial","Nacional (Paraguay)","Fernando de la Mora","Entre 3.500.000 a 5.000.000 gs","Analista Programador"
"2018/09/21 3:50:09 p.m. GMT-4","Presencial","Nacional (Paraguay)","Asuncion","Entre 7.000.000 a 9.000.000 gs","Jefe de Proyecto"
"2018/09/21 3:53:24 p.m. GMT-4","Presencial","Nacional (Paraguay)","Asunción","Entre 2.112.562 gs a 3.500.000 gs","Programador"
"2018/09/21 3:57:08 p.m. GMT-4","Presencial","Nacional (Paraguay)","fernando de la mora","Entre 5.000.000 a 7.000.000 gs","analista de sistemas"
"2018/09/21 4:01:54 p.m. GMT-4","Presencial","Nacional (Paraguay)","Asunción","Entre 3.500.000 a 5.000.000 gs","Programador"
"2018/09/21 4:39:46 p.m. GMT-4","Presencial","Nacional (Paraguay)","Asuncion","Entre 3.500.000 a 5.000.000 gs","Programador"
"2018/09/21 5:36:30 p.m. GMT-4","Presencial","Nacional (Paraguay)","ASUNCION","Entre 7.000.000 a 9.000.000 gs","project leader"
"2018/09/21 5:42:50 p.m. GMT-4","Presencial","Nacional (Paraguay)","asuncion","Entre 5.000.000 a 7.000.000 gs","programador"
"2018/09/21 8:01:40 p.m. GMT-4","Presencial","Nacional (Paraguay)","CDE","Entre 2.112.562 gs a 3.500.000 gs","Programador"
"2018/09/21 9:12:53 p.m. GMT-4","Presencial","Nacional (Paraguay)","Asuncion","Entre 3.500.000 a 5.000.000 gs","Programador"
"2018/09/21 10:07:51 p.m. GMT-4","Presencial","Nacional (Paraguay)","Asunción","Entre 9.000.000 a 12.000.000 gs","Programador Senior"
"2018/09/21 10:47:39 p.m. GMT-4","Presencial","Nacional (Paraguay)","Fernando de la Mora","Entre 2.112.562 gs a 3.500.000 gs","Programador"
"2018/09/21 11:38:40 p.m. GMT-4","Presencial","Nacional (Paraguay)","Asunción","Entre 5.000.000 a 7.000.000 gs","Programador"
"2018/09/22 12:24:18 a.m. GMT-4","Presencial","Internacional","Asuncion","Entre 5.000.000 a 7.000.000 gs","Líder de equipo"
"2018/09/22 12:28:40 a.m. GMT-4","Presencial","Nacional (Paraguay)","Asuncion","Entre 3.500.000 a 5.000.000 gs","Analista desarrollador "
"2018/09/22 5:33:36 a.m. GMT-4","Presencial","Nacional (Paraguay)","Asuncion","Entre 15.000.000 a 18.000.000 gs","Jefe de proyecto"
"2018/09/22 8:17:50 a.m. GMT-4","Hibrído","Internacional","San lorenzo","Menos del salario mínimo (2.112.562 gs)","Programador, jefe de proyecto"
"2018/09/22 9:12:17 a.m. GMT-4","Presencial","Nacional (Paraguay)","Fernando de la Mora","Entre 5.000.000 a 7.000.000 gs","Arquitecto de software"
"2018/09/22 10:27:05 a.m. GMT-4","Presencial","Nacional (Paraguay)","Asunción","Entre 5.000.000 a 7.000.000 gs","Programador"
"2018/09/22 12:35:08 p.m. GMT-4","Presencial","Nacional (Paraguay)","Asuncion","Entre 5.000.000 a 7.000.000 gs","Jefe de proyecto"
"2018/09/22 2:31:51 p.m. GMT-4","Presencial","Nacional (Paraguay)","Asunción","Entre 2.112.562 gs a 3.500.000 gs","Programador"
"2018/09/22 5:02:52 p.m. GMT-4","Presencial","Nacional (Paraguay)","Asunción ","Entre 2.112.562 gs a 3.500.000 gs","Programador "
"2018/09/22 6:09:38 p.m. GMT-4","Presencial","Nacional (Paraguay)","Asuncion","Entre 7.000.000 a 9.000.000 gs","Jefe de Proyectos"
"2018/09/22 6:15:13 p.m. GMT-4","Presencial","Nacional (Paraguay)","Asunción","Entre 5.000.000 a 7.000.000 gs","Programador"
"2018/09/22 10:52:11 p.m. GMT-4","Presencial","Nacional (Paraguay)","Fernando de la Mora","Entre 5.000.000 a 7.000.000 gs","Programador"
"2018/09/22 11:38:48 p.m. GMT-4","Presencial","Nacional (Paraguay)","Asunción ","Entre 5.000.000 a 7.000.000 gs","Soporte IT"
"2018/09/23 11:15:28 a.m. GMT-4","Presencial","Nacional (Paraguay)","Asunción","Entre 7.000.000 a 9.000.000 gs","Programador"
"2018/09/23 11:48:08 a.m. GMT-4","Presencial","Nacional (Paraguay)","Fernando de la Mora","Entre 9.000.000 a 12.000.000 gs","Arquitecto de Integración"
"2018/09/23 8:48:56 p.m. GMT-4","Hibrído","Nacional (Paraguay)","Lambare","Entre 3.500.000 a 5.000.000 gs","Programador"
"2018/09/23 10:30:45 p.m. GMT-4","Presencial","Nacional (Paraguay)","Asunción","Entre 3.500.000 a 5.000.000 gs","Programador"
"2018/09/24 8:08:29 a.m. GMT-4","Presencial","Nacional (Paraguay)","Asuncion","Entre 7.000.000 a 9.000.000 gs","Team Leader"
"2018/09/24 8:36:41 a.m. GMT-4","Presencial","Internacional","Asunción","Entre 2.112.562 gs a 3.500.000 gs","Programador"
"2018/09/24 9:04:54 a.m. GMT-4","Presencial","Nacional (Paraguay)","Asunción","Entre 7.000.000 a 9.000.000 gs","Analista de Investigación"
"2018/09/24 11:06:37 a.m. GMT-4","Hibrído","Nacional (Paraguay)","Ansunción","Entre 5.000.000 a 7.000.000 gs","Analista de Sistemas"
"2018/09/24 11:09:11 a.m. GMT-4","Presencial","Nacional (Paraguay)","Asunción","Entre 7.000.000 a 9.000.000 gs","Desarrollador"
"2018/09/24 12:26:10 p.m. GMT-4","Presencial","Nacional (Paraguay)","Encarnacion ","Entre 2.112.562 gs a 3.500.000 gs","Jefe"
"2018/09/24 12:30:24 p.m. GMT-4","Presencial","Nacional (Paraguay)","Asunción ","Entre 7.000.000 a 9.000.000 gs","Jefe de Proyecto"
"2018/09/24 1:20:09 p.m. GMT-4","Presencial","Nacional (Paraguay)","Luque","Entre 5.000.000 a 7.000.000 gs","Programador"
"2018/09/24 11:40:07 p.m. GMT-4","Presencial","Nacional (Paraguay)","Villa Elisa ","Entre 5.000.000 a 7.000.000 gs","Analista Jr"
"2018/09/25 7:25:37 a.m. GMT-4","Presencial","Nacional (Paraguay)","Ciudad del Este","Entre 2.112.562 gs a 3.500.000 gs","Sysadmin"
"2018/09/25 9:00:31 a.m. GMT-4","Presencial","Nacional (Paraguay)","Asunción","Entre 5.000.000 a 7.000.000 gs","Líder de proyectos"
"2018/09/25 12:31:37 p.m. GMT-4","Presencial","Nacional (Paraguay)","Asunción","Entre 7.000.000 a 9.000.000 gs","Jefe de Proyecto"
"2018/09/25 2:18:40 p.m. GMT-4","Presencial","Nacional (Paraguay)","Asunción","Entre 12.000.000 a 15.000.000 gs","Analista y Desarrollador"
"2018/09/25 2:38:22 p.m. GMT-4","Hibrído","Nacional (Paraguay)","Asunción","Entre 2.112.562 gs a 3.500.000 gs","Programador"
"2018/09/25 3:19:06 p.m. GMT-4","Presencial","Nacional (Paraguay)","Asuncion","Entre 2.112.562 gs a 3.500.000 gs","Programador"
"2018/09/25 7:19:40 p.m. GMT-4","Presencial","Nacional (Paraguay)","Fernando de la Mora","Entre 5.000.000 a 7.000.000 gs","Analista y Desarrollador"
"2018/09/26 5:46:12 a.m. GMT-4","Presencial","Nacional (Paraguay)","Asunción","Entre 3.500.000 a 5.000.000 gs","Programador"
"2018/09/26 3:04:17 p.m. GMT-4","Hibrído","Nacional (Paraguay)","San Lorenzo","Entre 2.112.562 gs a 3.500.000 gs","Programador"
"2018/09/26 10:39:31 p.m. GMT-4","Hibrído","Nacional (Paraguay)","Asuncion","Salario mínimo 2.112.562 gs","Developer Junior"
"2018/09/26 11:34:48 p.m. GMT-4","Presencial","Nacional (Paraguay)","Asunción ","Entre 5.000.000 a 7.000.000 gs","Programador"
"2018/09/28 12:25:29 p.m. GMT-4","Presencial","Nacional (Paraguay)","Asuncion","Entre 5.000.000 a 7.000.000 gs","Project manager"
"2018/09/28 3:51:19 p.m. GMT-4","Presencial","Nacional (Paraguay)","Lambare","Salario mínimo 2.112.562 gs","Programador"
"2018/09/28 3:59:52 p.m. GMT-4","Presencial","Nacional (Paraguay)","Asunción","Entre 2.112.562 gs a 3.500.000 gs","Team de un equipo, desarrollador front-end y back-end"
"2018/09/28 4:11:08 p.m. GMT-4","Presencial","Nacional (Paraguay)","Asunción ","Entre 2.112.562 gs a 3.500.000 gs","Desarrollador web"
"2018/09/28 4:40:52 p.m. GMT-4","Presencial","Nacional (Paraguay)","Asunción","Entre 5.000.000 a 7.000.000 gs","Jefe de backend"
"2018/09/28 5:03:00 p.m. GMT-4","Presencial","Nacional (Paraguay)","Asunción ","Entre 5.000.000 a 7.000.000 gs","Desarrollador"
"2018/10/02 11:02:00 a.m. GMT-4","Presencial","Nacional (Paraguay)","Asunción","Entre 3.500.000 a 5.000.000 gs","Programador Medio"
"2018/10/03 6:42:38 p.m. GMT-4","Presencial","Internacional","bolivia","Entre 9.000.000 a 12.000.000 gs","PROGRAMADOR"
"2018/10/05 9:24:50 a.m. GMT-4","Presencial","Nacional (Paraguay)","Asunción","Entre 9.000.000 a 12.000.000 gs","Jefe de Proyecto"
"2018/10/05 1:57:38 p.m. GMT-4","Presencial","Nacional (Paraguay)","Itapua","Entre 2.112.562 gs a 3.500.000 gs","Programador Jr"
"2018/10/07 1:39:16 p.m. GMT-4","Presencial","Nacional (Paraguay)","Asunción","Entre 7.000.000 a 9.000.000 gs","Líder de Proyecto"
"2018/10/07 10:35:56 p.m. GMT-4","Presencial","Nacional (Paraguay)","Asuncion","Entre 3.500.000 a 5.000.000 gs","Subgerente de implementacion"
"2018/10/09 6:50:40 p.m. GMT-4","Presencial","Nacional (Paraguay)","Asunción","Entre 3.500.000 a 5.000.000 gs","Programador"
"2018/10/09 7:12:26 p.m. GMT-4","Hibrído","Nacional (Paraguay)","Asunción","Entre 2.112.562 gs a 3.500.000 gs","Programador"
"2018/10/09 7:33:52 p.m. GMT-4","Presencial","Nacional (Paraguay)","Asunción ","Entre 3.500.000 a 5.000.000 gs","Desarrollo"
"2018/10/09 7:55:03 p.m. GMT-4","Presencial","Nacional (Paraguay)","Asunción ","Entre 7.000.000 a 9.000.000 gs","Jefe de Desarrollo "
"2018/10/10 12:02:36 a.m. GMT-4","Presencial","Nacional (Paraguay)","Asuncion","Entre 9.000.000 a 12.000.000 gs","Java"
"2018/10/10 11:32:12 a.m. GMT-4","Remoto","Nacional (Paraguay)","Asunción ","Entre 3.500.000 a 5.000.000 gs","Subgerente"
"2018/10/10 6:36:49 p.m. GMT-4","Presencial","Nacional (Paraguay)","Asuncion","Entre 5.000.000 a 7.000.000 gs","Programador"
"2018/10/11 12:36:12 p.m. GMT-4","Presencial","Nacional (Paraguay)","Asunción ","Entre 3.500.000 a 5.000.000 gs","Tema Leader"
"2018/10/14 4:22:48 p.m. GMT-4","Presencial","Nacional (Paraguay)","Asunción ","Entre 2.112.562 gs a 3.500.000 gs","Programador, DevOps"
"2018/10/16 10:35:05 a.m. GMT-4","Presencial","Nacional (Paraguay)","Asuncio","Entre 2.112.562 gs a 3.500.000 gs","Programador"
"2018/10/18 9:11:34 a.m. GMT-4","Presencial","Nacional (Paraguay)","Asunción","Entre 2.112.562 gs a 3.500.000 gs","Desarrollador/Analista"
"2018/10/18 9:12:13 a.m. GMT-4","Presencial","Nacional (Paraguay)","Asunción","Entre 2.112.562 gs a 3.500.000 gs","Programador"
"2018/11/02 4:13:28 p.m. GMT-4","Presencial","Nacional (Paraguay)","lambare","Entre 7.000.000 a 9.000.000 gs","consultor"
"2018/11/14 9:49:23 a.m. GMT-4","Presencial","Nacional (Paraguay)","Asunción","Entre 5.000.000 a 7.000.000 gs","Programador"
"2018/11/19 2:21:02 p.m. GMT-4","Presencial","Nacional (Paraguay)","Fernando de la Mora","Entre 5.000.000 a 7.000.000 gs","Programador java"
"2018/11/24 7:06:11 p.m. GMT-4","Hibrído","Nacional (Paraguay)","Asunción","Entre 7.000.000 a 9.000.000 gs","Programador"
"2018/12/01 10:24:43 a.m. GMT-4","Presencial","Nacional (Paraguay)","Filadelfia","Entre 5.000.000 a 7.000.000 gs","Programador"
"2018/12/01 10:33:32 a.m. GMT-4","Presencial","Nacional (Paraguay)","Asuncion","Entre 7.000.000 a 9.000.000 gs","Desarrollador"
"2018/12/01 10:37:19 a.m. GMT-4","Presencial","Nacional (Paraguay)","Bella Vista Sur","Entre 3.500.000 a 5.000.000 gs","Programador"
"2018/12/01 11:06:58 a.m. GMT-4","Remoto","Internacional","Encarnacion","Más de 18.000.000 gs","Programador"
"2018/12/01 12:07:52 p.m. GMT-4","Presencial","Nacional (Paraguay)","Asunción ","Entre 15.000.000 a 18.000.000 gs","Jefe de proyecto"
"2018/12/01 5:01:43 p.m. GMT-4","Hibrído","Nacional (Paraguay)","Asunción","Entre 7.000.000 a 9.000.000 gs","Programador Full Stack y Mobile "
"2018/12/01 5:06:06 p.m. GMT-4","Presencial","Nacional (Paraguay)","Asunción","Entre 3.500.000 a 5.000.000 gs","Programador"
"2018/12/01 5:10:51 p.m. GMT-4","Presencial","Nacional (Paraguay)","Asuncion","Entre 12.000.000 a 15.000.000 gs","Analista Programador"
"2018/12/01 5:16:37 p.m. GMT-4","Presencial","Nacional (Paraguay)","Asuncion","Entre 5.000.000 a 7.000.000 gs","Supervisor de proyecto"
"2018/12/02 11:37:05 a.m. GMT-4","Presencial","Nacional (Paraguay)","Asunción ","Entre 7.000.000 a 9.000.000 gs","Analista de sistemas "
"2018/12/02 12:30:22 p.m. GMT-4","Presencial","Nacional (Paraguay)","Asunción","Entre 3.500.000 a 5.000.000 gs","Programador"
"2018/12/02 12:36:46 p.m. GMT-4","Presencial","Nacional (Paraguay)","Asunción","Entre 5.000.000 a 7.000.000 gs","Jefe de proyectos"
"2018/12/02 12:53:43 p.m. GMT-4","Hibrído","Nacional (Paraguay)","Asunciom","Entre 9.000.000 a 12.000.000 gs","Programador"
"2018/12/03 12:24:30 p.m. GMT-4","Presencial","Nacional (Paraguay)","Asunción ","Entre 5.000.000 a 7.000.000 gs","Programador"
"2019/01/30 3:19:11 p.m. GMT-4","Presencial","Nacional (Paraguay)","Asuncion","Entre 3.500.000 a 5.000.000 gs","Programador"